title,budget,popularity,runtime,vote_average,vote_count,genre_count,release_year,genre_Drama,genre_Comedy,genre_Thriller,genre_Action,genre_Romance,genre_Adventure,genre_Crime,genre_Science,genre_Fiction,genre_Horror
Avatar,237000000,150.437577,162.0,7.2,11800,5,2009,0,0,0,1,0,1,0,1,1,0
Pirates of the Caribbean: At World's End,300000000,139.082615,169.0,6.9,4500,3,2007,0,0,0,1,0,1,0,0,0,0
Spectre,245000000,107.376788,148.0,6.3,4466,3,2015,0,0,0,1,0,1,1,0,0,0
The Dark Knight Rises,250000000,112.31295,165.0,7.6,9106,4,2012,1,0,1,1,0,0,1,0,0,0
John Carter,260000000,43.926995,132.0,6.1,2124,4,2012,0,0,0,1,0,1,0,1,1,0
Spider-Man 3,258000000,115.699814,139.0,5.9,3576,3,2007,0,0,0,1,0,1,0,0,0,0
Tangled,260000000,48.681969,100.0,7.4,3330,2,2010,0,0,0,0,0,0,0,0,0,0
Avengers: Age of Ultron,280000000,134.27922900000002,141.0,7.3,6767,4,2015,0,0,0,1,0,1,0,1,1,0
Harry Potter and the Half-Blood Prince,250000000,98.885637,153.0,7.4,5293,3,2009,0,0,0,0,0,1,0,0,0,0
Batman v Superman: Dawn of Justice,250000000,155.790452,151.0,5.7,7004,3,2016,0,0,0,1,0,1,0,0,0,0
Superman Returns,270000000,57.925623,154.0,5.4,1400,5,2006,0,0,0,1,0,1,0,1,1,0
Quantum of Solace,200000000,107.928811,106.0,6.1,2965,4,2008,0,0,1,1,0,1,1,0,0,0
Pirates of the Caribbean: Dead Man's Chest,200000000,145.84737900000005,151.0,7.0,5246,3,2006,0,0,0,1,0,1,0,0,0,0
The Lone Ranger,255000000,49.046956,149.0,5.9,2311,3,2013,0,0,0,1,0,1,0,0,0,0
Man of Steel,225000000,99.398009,143.0,6.5,6359,5,2013,0,0,0,1,0,1,0,1,1,0
The Chronicles of Narnia: Prince Caspian,225000000,53.978602,150.0,6.3,1630,3,2008,0,0,0,0,0,1,0,0,0,0
The Avengers,220000000,144.448633,143.0,7.4,11776,4,2012,0,0,0,1,0,1,0,1,1,0
Pirates of the Caribbean: On Stranger Tides,380000000,135.413856,136.0,6.4,4948,3,2011,0,0,0,1,0,1,0,0,0,0
Men in Black 3,225000000,52.035179,106.0,6.2,4160,4,2012,0,1,0,1,0,0,0,1,1,0
The Hobbit: The Battle of the Five Armies,250000000,120.965743,144.0,7.1,4760,3,2014,0,0,0,1,0,1,0,0,0,0
The Amazing Spider-Man,215000000,89.866276,136.0,6.5,6586,3,2012,0,0,0,1,0,1,0,0,0,0
Robin Hood,200000000,37.668301,140.0,6.2,1398,2,2010,0,0,0,1,0,1,0,0,0,0
The Hobbit: The Desolation of Smaug,250000000,94.370564,161.0,7.6,4524,2,2013,0,0,0,0,0,1,0,0,0,0
The Golden Compass,180000000,42.990906,113.0,5.8,1303,2,2007,0,0,0,0,0,1,0,0,0,0
King Kong,207000000,61.22601,187.0,6.6,2337,3,2005,1,0,0,1,0,1,0,0,0,0
Titanic,200000000,100.025899,194.0,7.5,7562,3,1997,1,0,1,0,1,0,0,0,0,0
Captain America: Civil War,250000000,198.372395,147.0,7.1,7241,4,2016,0,0,0,1,0,1,0,1,1,0
Battleship,209000000,64.928382,131.0,5.5,2114,5,2012,0,0,1,1,0,1,0,1,1,0
Jurassic World,150000000,418.708552,124.0,6.5,8662,5,2015,0,0,1,1,0,1,0,1,1,0
Skyfall,200000000,93.004993,143.0,6.9,7604,3,2012,0,0,1,1,0,1,0,0,0,0
Spider-Man 2,200000000,35.149586,127.0,6.7,4321,3,2004,0,0,0,1,0,1,0,0,0,0
Iron Man 3,200000000,77.68208,130.0,6.8,8806,4,2013,0,0,0,1,0,1,0,1,1,0
Alice in Wonderland,200000000,78.530105,108.0,6.4,4645,3,2010,0,0,0,0,0,1,0,0,0,0
X-Men: The Last Stand,210000000,3.857526,104.0,6.3,3525,5,2006,0,0,1,1,0,1,0,1,1,0
Monsters University,200000000,89.186492,104.0,7.0,3528,2,2013,0,0,0,0,0,0,0,0,0,0
Transformers: Revenge of the Fallen,150000000,21.939663,150.0,6.0,3138,4,2009,0,0,0,1,0,1,0,1,1,0
Transformers: Age of Extinction,210000000,116.840296,165.0,5.8,3095,4,2014,0,0,0,1,0,1,0,1,1,0
Oz: The Great and Powerful,200000000,46.985445,130.0,5.7,3530,3,2013,0,0,0,0,0,1,0,0,0,0
The Amazing Spider-Man 2,200000000,89.270217,142.0,6.5,4179,3,2014,0,0,0,1,0,1,0,0,0,0
TRON: Legacy,170000000,73.79505,125.0,6.3,2841,4,2010,0,0,0,1,0,1,0,1,1,0
Cars 2,200000000,49.98659,106.0,5.8,2033,4,2011,0,1,0,0,0,1,0,0,0,0
Green Lantern,200000000,51.872839,114.0,5.1,2487,5,2011,0,0,1,1,0,1,0,1,1,0
Toy Story 3,200000000,59.99541800000001,103.0,7.6,4597,3,2010,0,1,0,0,0,0,0,0,0,0
Terminator Salvation,200000000,71.862892,115.0,5.9,2463,4,2009,0,0,1,1,0,0,0,1,1,0
Furious 7,190000000,102.322217,137.0,7.3,4176,1,2015,0,0,0,1,0,0,0,0,0,0
World War Z,200000000,81.834855,116.0,6.7,5560,6,2013,1,0,1,1,0,0,0,1,1,1
X-Men: Days of Future Past,250000000,118.078691,131.0,7.5,6032,5,2014,0,0,0,1,0,1,0,1,1,0
Star Trek Into Darkness,190000000,78.29101800000002,132.0,7.4,4418,4,2013,0,0,0,1,0,1,0,1,1,0
Jack the Giant Slayer,195000000,43.349855,114.0,5.5,2598,3,2013,0,0,0,1,0,0,0,0,0,0
The Great Gatsby,105000000,61.196071,143.0,7.3,3769,2,2013,1,0,0,0,1,0,0,0,0,0
Prince of Persia: The Sands of Time,150000000,62.169881,116.0,6.2,2317,4,2010,0,0,0,1,1,1,0,0,0,0
Pacific Rim,180000000,56.523205,131.0,6.7,4794,4,2013,0,0,0,1,0,1,0,1,1,0
Transformers: Dark of the Moon,195000000,28.529607,154.0,6.1,3299,4,2011,0,0,0,1,0,1,0,1,1,0
Indiana Jones and the Kingdom of the Crystal Skull,185000000,75.674458,122.0,5.7,2495,2,2008,0,0,0,1,0,1,0,0,0,0
The Good Dinosaur,175000000,51.692953,93.0,6.6,1736,3,2015,0,0,0,0,0,1,0,0,0,0
Brave,185000000,125.114374,93.0,6.7,4641,5,2012,0,1,0,1,0,1,0,0,0,0
Star Trek Beyond,185000000,65.352913,122.0,6.6,2568,4,2016,0,0,0,1,0,1,0,1,1,0
WALL·E,180000000,66.390712,98.0,7.8,6296,2,2008,0,0,0,0,0,0,0,0,0,0
Rush Hour 3,140000000,22.57178,91.0,6.1,783,4,2007,0,1,1,1,0,0,1,0,0,0
2012,200000000,45.274225,158.0,5.6,4903,4,2009,0,0,0,1,0,1,0,1,1,0
A Christmas Carol,200000000,39.744242,96.0,6.6,1095,2,2009,1,0,0,0,0,0,0,0,0,0
Jupiter Ascending,176000003,85.36908000000003,124.0,5.2,2768,5,2015,0,0,0,1,0,1,0,1,1,0
The Legend of Tarzan,180000000,42.741719,109.0,5.5,2430,2,2016,0,0,0,1,0,1,0,0,0,0
"The Chronicles of Narnia: The Lion, the Witch and the Wardrobe",180000000,67.391328,143.0,6.7,2629,3,2005,0,0,0,0,0,1,0,0,0,0
X-Men: Apocalypse,178000000,139.272042,144.0,6.4,4721,2,2016,0,0,0,0,0,0,0,1,1,0
The Dark Knight,185000000,187.322927,152.0,8.2,12002,4,2008,1,0,1,1,0,0,1,0,0,0
Up,175000000,92.201962,96.0,7.7,6870,4,2009,0,1,0,0,0,1,0,0,0,0
Monsters vs Aliens,175000000,36.167578000000006,94.0,6.0,1423,5,2009,0,0,0,0,0,1,0,1,1,0
Iron Man,140000000,120.725053,126.0,7.4,8776,4,2008,0,0,0,1,0,1,0,1,1,0
Hugo,170000000,32.319043,126.0,7.0,2141,3,2011,1,0,0,0,0,1,0,0,0,0
Wild Wild West,170000000,40.748915,106.0,5.1,1020,6,1999,0,1,0,1,0,1,0,1,1,0
The Mummy: Tomb of the Dragon Emperor,145000000,60.034162,112.0,5.2,1387,3,2008,0,0,0,1,0,1,0,0,0,0
Suicide Squad,175000000,90.23792,123.0,5.9,7458,6,2016,0,0,0,1,0,1,1,1,1,0
Evan Almighty,175000000,27.082182,96.0,5.3,1151,3,2007,0,1,0,0,0,0,0,0,0,0
Edge of Tomorrow,178000000,79.456485,113.0,7.6,4858,3,2014,0,0,0,1,0,0,0,1,1,0
Waterworld,175000000,44.640292,135.0,5.9,992,2,1995,0,0,0,1,0,1,0,0,0,0
G.I. Joe: The Rise of Cobra,175000000,32.852443,118.0,5.6,1962,5,2009,0,0,1,1,0,1,0,1,1,0
Inside Out,175000000,128.65596399999998,94.0,8.0,6560,4,2015,1,1,0,0,0,0,0,0,0,0
The Jungle Book,175000000,94.199316,106.0,6.7,2892,4,2016,1,0,0,0,0,1,0,0,0,0
Iron Man 2,200000000,77.30019399999998,124.0,6.6,6849,4,2010,0,0,0,1,0,1,0,1,1,0
Snow White and the Huntsman,170000000,77.178973,127.0,5.8,3118,3,2012,1,0,0,0,0,1,0,0,0,0
Maleficent,180000000,110.620647,97.0,7.0,4496,5,2014,0,0,0,1,1,1,0,0,0,0
Dawn of the Planet of the Apes,170000000,243.79174300000005,130.0,7.3,4410,5,2014,1,0,1,1,0,0,0,1,1,0
47 Ronin,175000000,41.796339,119.0,5.9,1326,4,2013,1,0,0,1,0,1,0,0,0,0
Captain America: The Winter Soldier,170000000,72.22526500000002,136.0,7.6,5764,4,2014,0,0,0,1,0,1,0,1,1,0
Shrek Forever After,165000000,44.041186,93.0,6.0,1959,5,2010,0,1,0,0,0,1,0,0,0,0
Tomorrowland,190000000,130.311355,130.0,6.2,2846,5,2015,0,0,0,0,0,1,0,1,1,0
Big Hero 6,165000000,203.73459,102.0,7.8,6135,5,2014,0,1,0,1,0,1,0,0,0,0
Wreck-It Ralph,165000000,62.341073,108.0,7.1,4570,4,2012,0,1,0,0,0,1,0,0,0,0
The Polar Express,165000000,47.323228,100.0,6.4,1474,4,2004,0,0,0,0,0,1,0,0,0,0
Independence Day: Resurgence,165000000,48.775723,120.0,4.9,2491,4,2016,0,0,0,1,0,1,0,1,1,0
How to Train Your Dragon,165000000,67.263269,98.0,7.5,4227,4,2010,0,0,0,0,0,1,0,0,0,0
Terminator 3: Rise of the Machines,200000000,69.405188,109.0,5.9,2143,4,2003,0,0,1,1,0,0,0,1,1,0
Guardians of the Galaxy,170000000,481.098624,121.0,7.9,9742,4,2014,0,0,0,1,0,1,0,1,1,0
Interstellar,165000000,724.247784,169.0,8.1,10867,4,2014,1,0,0,0,0,1,0,1,1,0
Inception,160000000,167.58371,148.0,8.1,13752,6,2010,0,0,1,1,0,1,0,1,1,0
Shin Godzilla,15000000,9.476999,120.0,6.5,143,6,2016,1,0,0,1,0,1,0,1,1,1
The Hobbit: An Unexpected Journey,250000000,108.849621,169.0,7.0,8297,3,2012,0,0,0,1,0,1,0,0,0,0
The Fast and the Furious,38000000,6.909942,106.0,6.6,3428,3,2001,0,0,1,1,0,0,1,0,0,0
The Curious Case of Benjamin Button,150000000,60.269279,166.0,7.3,3292,5,2008,1,0,1,0,1,0,0,0,0,0
X-Men: First Class,160000000,3.195174,132.0,7.1,5181,4,2011,0,0,0,1,0,1,0,1,1,0
The Hunger Games: Mockingjay - Part 2,160000000,127.284427,137.0,6.6,3984,4,2015,0,0,0,1,0,1,0,1,1,0
The Sorcerer's Apprentice,150000000,35.580815,109.0,5.8,1470,5,2010,1,1,0,1,0,1,0,0,0,0
Poseidon,160000000,21.133748,99.0,5.5,583,4,2006,1,0,1,1,0,1,0,0,0,0
Alice Through the Looking Glass,170000000,56.268916,113.0,6.5,1725,1,2016,0,0,0,0,0,0,0,0,0,0
Shrek the Third,160000000,42.986467,93.0,6.0,2278,5,2007,0,1,0,0,0,1,0,0,0,0
Warcraft,160000000,63.148529,123.0,6.3,2268,3,2016,0,0,0,1,0,1,0,0,0,0
Terminator Genisys,155000000,202.042635,126.0,5.8,3631,5,2015,0,0,1,1,0,1,0,1,1,0
The Chronicles of Narnia: The Voyage of the Dawn Treader,155000000,49.661984,113.0,6.2,1514,3,2010,0,0,0,0,0,1,0,0,0,0
Pearl Harbor,140000000,34.20669,183.0,6.6,1791,3,2001,0,0,0,0,1,0,0,0,0,0
Transformers,150000000,25.468493,144.0,6.6,4040,4,2007,0,0,0,1,0,1,0,1,1,0
Alexander,155000000,39.019229,175.0,5.6,927,5,2004,1,0,0,1,0,1,0,0,0,0
Harry Potter and the Order of the Phoenix,150000000,78.14439499999997,138.0,7.4,5494,4,2007,0,0,0,0,0,1,0,0,0,0
Harry Potter and the Goblet of Fire,150000000,101.250416,157.0,7.5,5608,3,2005,0,0,0,0,0,1,0,0,0,0
Hancock,150000000,56.758411,92.0,6.2,2961,2,2008,0,0,0,1,0,0,0,0,0,0
I Am Legend,150000000,70.867401,101.0,6.9,4853,6,2007,1,0,1,1,0,0,0,1,1,1
Charlie and the Chocolate Factory,150000000,53.90559200000001,115.0,6.7,3624,4,2005,0,1,0,0,0,1,0,0,0,0
Ratatouille,150000000,65.677399,111.0,7.5,4369,4,2007,0,1,0,0,0,0,0,0,0,0
Batman Begins,150000000,115.040024,140.0,7.5,7359,3,2005,1,0,0,1,0,0,1,0,0,0
Madagascar: Escape 2 Africa,150000000,44.141021,89.0,6.2,1810,2,2008,0,0,0,0,0,0,0,0,0,0
Night at the Museum: Battle of the Smithsonian,150000000,81.781591,105.0,5.9,1971,5,2009,0,1,0,1,0,1,0,0,0,0
X-Men Origins: Wolverine,150000000,5.954333999999999,107.0,6.2,4021,5,2009,0,0,1,1,0,1,0,1,1,0
The Matrix Revolutions,150000000,73.313918,129.0,6.4,3096,5,2003,0,0,1,1,0,1,0,1,1,0
Frozen,150000000,165.125366,102.0,7.3,5295,3,2013,0,0,0,0,0,1,0,0,0,0
The Matrix Reloaded,150000000,70.78591,138.0,6.7,3443,5,2003,0,0,1,1,0,1,0,1,1,0
Thor: The Dark World,170000000,99.499595,112.0,6.8,4755,3,2013,0,0,0,1,0,1,0,0,0,0
Mad Max: Fury Road,150000000,434.278564,120.0,7.2,9427,5,2015,0,0,1,1,0,1,0,1,1,0
Angels & Demons,150000000,67.447636,138.0,6.5,2129,2,2009,0,0,1,0,0,0,0,0,0,0
Thor,150000000,86.493424,115.0,6.6,6525,3,2011,0,0,0,1,0,1,0,0,0,0
Bolt,150000000,41.845878000000006,98.0,6.3,1750,4,2008,0,1,0,0,0,1,0,0,0,0
G-Force,150000000,26.710398,88.0,5.1,510,5,2009,0,1,0,1,0,1,0,0,0,0
Wrath of the Titans,150000000,44.927635,99.0,5.5,1431,1,2012,0,0,0,0,0,1,0,0,0,0
Dark Shadows,150000000,50.306728,113.0,5.7,2320,2,2012,0,1,0,0,0,0,0,0,0,0
Mission: Impossible - Rogue Nation,150000000,114.52223700000002,131.0,7.1,3224,3,2015,0,0,1,1,0,1,0,0,0,0
Bee Movie,150000000,29.332905,91.0,5.7,1171,4,2007,0,1,0,0,0,1,0,0,0,0
Kung Fu Panda 2,150000000,51.247321,91.0,6.7,1880,2,2011,0,0,0,0,0,0,0,0,0,0
The Last Airbender,150000000,33.769336,103.0,4.7,1151,4,2010,0,0,0,1,0,1,0,0,0,0
Mission: Impossible III,150000000,63.079003,126.0,6.5,2028,3,2006,0,0,1,1,0,1,0,0,0,0
White House Down,150000000,39.004588,131.0,6.4,1891,3,2013,1,0,1,1,0,0,0,0,0,0
Mars Needs Moms,150000000,12.362599,88.0,5.5,199,3,2011,0,0,0,0,0,1,0,0,0,0
Flushed Away,149000000,22.550135,85.0,6.0,874,4,2006,0,1,0,0,0,1,0,0,0,0
Pan,150000000,48.03528,111.0,5.9,954,3,2015,0,0,0,0,0,1,0,0,0,0
Mr. Peabody & Sherman,145000000,38.73494,92.0,6.7,843,3,2014,0,0,0,0,0,1,0,0,0,0
Troy,175000000,66.803149,163.0,6.9,2759,3,2004,1,0,0,0,0,1,0,0,0,0
Madagascar 3: Europe's Most Wanted,145000000,44.989192,93.0,6.4,1808,2,2012,0,0,0,0,0,0,0,0,0,0
Die Another Day,140000000,54.159392,133.0,5.8,1092,3,2002,0,0,1,1,0,1,0,0,0,0
Ghostbusters,144000000,66.21806,116.0,5.3,2142,3,2016,0,1,0,1,0,0,0,0,0,0
Armageddon,140000000,58.485967,151.0,6.4,2482,5,1998,0,0,1,1,0,1,0,1,1,0
Men in Black II,140000000,91.332849,88.0,6.0,3114,5,2002,0,1,0,1,0,1,0,1,1,0
Beowulf,70000000,35.60166500000001,115.0,5.5,841,3,2007,0,0,0,1,0,1,0,0,0,0
Kung Fu Panda 3,145000000,56.747978,95.0,6.7,1603,5,2016,0,1,0,1,0,1,0,0,0,0
Mission: Impossible - Ghost Protocol,145000000,77.77476999999998,133.0,6.8,3972,3,2011,0,0,1,1,0,1,0,0,0,0
Rise of the Guardians,145000000,61.788035,97.0,7.1,1922,3,2012,0,0,0,0,0,0,0,0,0,0
Fun with Dick and Jane,100000000,25.159168,90.0,5.9,627,1,2005,0,1,0,0,0,0,0,0,0,0
The Last Samurai,140000000,52.341226,154.0,7.3,1895,4,2003,1,0,0,1,0,0,0,0,0,0
Exodus: Gods and Kings,140000000,101.599427,150.0,5.6,1921,3,2014,1,0,0,1,0,1,0,0,0,0
Star Trek,150000000,73.61680799999998,127.0,7.4,4518,4,2009,0,0,0,1,0,1,0,1,1,0
Spider-Man,139000000,82.502566,121.0,6.8,5265,2,2002,0,0,0,1,0,0,0,0,0,0
How to Train Your Dragon 2,145000000,100.21391,102.0,7.6,3106,5,2014,0,1,0,1,0,1,0,0,0,0
Gods of Egypt,140000000,56.257249,127.0,5.3,1277,1,2016,0,0,0,0,0,0,0,0,0,0
Stealth,135000000,17.88953,121.0,4.9,331,1,2005,0,0,0,1,0,0,0,0,0,0
Watchmen,130000000,64.798873,163.0,7.0,2811,4,2009,0,0,0,1,0,0,0,1,1,0
Lethal Weapon 4,140000000,24.855701,127.0,6.3,767,5,1998,0,1,1,1,0,1,1,0,0,0
Hulk,137000000,34.981698,138.0,5.3,1533,4,2003,1,0,0,1,0,0,0,1,1,0
G.I. Joe: Retaliation,130000000,59.325589,110.0,5.4,3025,5,2013,0,0,1,1,0,1,0,1,1,0
Sahara,130000000,21.605568,124.0,5.7,434,5,2005,1,1,0,1,0,1,0,0,0,0
Final Fantasy: The Spirits Within,137000000,26.074908,106.0,5.9,433,6,2001,0,0,0,1,0,1,0,1,1,0
Captain America: The First Avenger,140000000,74.50624599999998,124.0,6.6,7047,4,2011,0,0,0,1,0,1,0,1,1,0
The World Is Not Enough,135000000,39.604363,128.0,6.0,862,3,1999,0,0,1,1,0,1,0,0,0,0
Master and Commander: The Far Side of the World,150000000,36.973031,138.0,6.9,790,1,2003,0,0,0,0,0,1,0,0,0,0
The Twilight Saga: Breaking Dawn - Part 2,120000000,99.687084,115.0,6.1,2553,4,2012,1,0,0,0,1,1,0,0,0,0
Happy Feet Two,130000000,17.7735,100.0,5.8,373,3,2011,0,1,0,0,0,0,0,0,0,0
The Incredible Hulk,150000000,62.898336,114.0,6.1,3021,4,2008,0,0,0,1,0,1,0,1,1,0
The BFG,140000000,44.19092,120.0,6.0,1000,3,2016,0,0,0,0,0,1,0,0,0,0
The Revenant,135000000,100.635882,156.0,7.3,6396,4,2015,1,0,1,0,0,1,0,0,0,0
Turbo,135000000,44.765377,96.0,6.1,1074,2,2013,0,0,0,0,0,0,0,0,0,0
Rango,135000000,29.91353,107.0,6.6,2051,5,2011,0,1,0,0,0,1,0,0,0,0
Penguins of Madagascar,132000000,84.366984,92.0,6.5,1346,4,2014,0,1,0,0,0,1,0,0,0,0
The Bourne Ultimatum,70000000,45.381501,115.0,7.3,2888,4,2007,1,0,1,1,0,0,0,0,0,0
Kung Fu Panda,130000000,84.68964799999998,90.0,6.9,3145,4,2008,0,1,0,0,0,1,0,0,0,0
Ant-Man,130000000,120.09361,117.0,7.0,5880,4,2015,0,0,0,1,0,1,0,1,1,0
The Hunger Games: Catching Fire,130000000,76.310119,146.0,7.4,6495,4,2013,0,0,0,1,0,1,0,1,1,0
Home,135000000,63.473086,94.0,6.8,1519,6,2015,0,1,0,0,0,0,0,1,1,0
War of the Worlds,132000000,48.572726,116.0,6.2,2322,4,2005,0,0,1,0,0,1,0,1,1,0
Bad Boys II,130000000,38.068736,147.0,6.3,1564,5,2003,0,1,1,1,0,1,1,0,0,0
Puss in Boots,130000000,20.678787,90.0,6.4,451,5,2011,0,0,0,1,0,1,0,0,0,0
Salt,110000000,48.829437,100.0,6.2,2093,3,2010,0,0,1,1,0,0,0,0,0,0
Noah,125000000,46.115758,139.0,5.6,2350,2,2014,1,0,0,0,0,1,0,0,0,0
The Adventures of Tintin,130000000,89.938296,107.0,6.7,2061,3,2011,0,0,0,0,0,1,0,0,0,0
Harry Potter and the Prisoner of Azkaban,130000000,79.679601,141.0,7.7,5877,3,2004,0,0,0,0,0,1,0,0,0,0
Australia,130000000,28.840997,165.0,6.3,694,1,2008,1,0,0,0,0,0,0,0,0,0
After Earth,130000000,42.840582,100.0,5.0,2532,4,2013,0,0,0,1,0,1,0,1,1,0
Dinosaur,127500000,26.548594,82.0,6.2,542,2,2000,0,0,0,0,0,0,0,0,0,0
Night at the Museum: Secret of the Tomb,127000000,115.597753,97.0,6.1,1851,4,2014,0,1,0,0,0,1,0,0,0,0
Megamind,130000000,68.757242,95.0,6.7,1918,6,2010,0,1,0,1,0,0,0,1,1,0
Harry Potter and the Philosopher's Stone,125000000,109.984351,152.0,7.5,7006,3,2001,0,0,0,0,0,1,0,0,0,0
R.I.P.D.,130000000,39.448066,96.0,5.4,1260,4,2013,0,1,0,1,0,0,1,0,0,0
Pirates of the Caribbean: The Curse of the Black Pearl,140000000,271.972889,143.0,7.5,6985,3,2003,0,0,0,1,0,1,0,0,0,0
The Hunger Games: Mockingjay - Part 1,125000000,206.227151,123.0,6.6,5584,4,2014,0,0,1,0,0,1,0,1,1,0
The Da Vinci Code,125000000,45.313197,149.0,6.5,2704,2,2006,0,0,1,0,0,0,0,0,0,0
Rio 2,103000000,42.40024,102.0,6.3,978,4,2014,0,1,0,0,0,1,0,0,0,0
X2,110000000,2.871739,133.0,6.8,3506,5,2003,0,0,1,1,0,1,0,1,1,0
Fast Five,125000000,7.255717999999999,130.0,7.1,2438,3,2011,0,0,1,1,0,0,1,0,0,0
Sherlock Holmes: A Game of Shadows,125000000,81.49962099999998,129.0,7.0,3886,4,2011,0,0,0,1,0,1,1,0,0,0
Clash of the Titans,125000000,47.686442,106.0,5.6,2233,3,2010,0,0,0,1,0,1,0,0,0,0
Total Recall,65000000,43.129703000000006,113.0,7.1,1710,4,1990,0,0,0,1,0,1,0,1,1,0
The 13th Warrior,160000000,27.220157,102.0,6.4,510,3,1999,0,0,0,1,0,1,0,0,0,0
The Bourne Legacy,130000000,90.33681,120.0,6.0,2651,2,2012,0,0,1,1,0,0,0,0,0,0
Batman & Robin,125000000,50.073575,125.0,4.2,1418,3,1997,0,0,0,1,0,0,1,0,0,0
How the Grinch Stole Christmas,123000000,45.419668,104.0,6.2,1386,3,2000,0,1,0,0,0,0,0,0,0,0
The Day After Tomorrow,125000000,41.380094,124.0,6.2,2392,5,2004,0,0,1,1,0,1,0,1,1,0
Mission: Impossible II,125000000,54.931334,123.0,5.9,1928,3,2000,0,0,1,1,0,1,0,0,0,0
The Perfect Storm,120000000,25.752118,130.0,6.2,597,1,2000,1,0,0,0,0,0,0,0,0,0
Fantastic 4: Rise of the Silver Surfer,130000000,60.810723,92.0,5.4,2589,4,2007,0,0,1,1,0,1,0,0,0,0
Life of Pi,120000000,51.328145,127.0,7.2,5797,3,2012,1,0,0,1,0,1,0,0,0,0
Ghost Rider,110000000,46.834704,114.0,5.2,1712,4,2007,0,0,1,1,0,0,0,0,0,1
Jason Bourne,120000000,62.641286,123.0,5.9,2341,2,2016,0,0,1,1,0,0,0,0,0,0
Charlie's Angels: Full Throttle,120000000,33.616115,106.0,5.2,914,3,2003,0,1,0,1,0,1,0,0,0,0
Prometheus,130000000,68.889395,124.0,6.3,5080,4,2012,0,0,0,0,0,1,0,1,1,0
Stuart Little 2,120000000,27.99028400000001,78.0,5.4,613,4,2002,0,1,0,0,0,1,0,0,0,0
Elysium,115000000,67.33766999999999,109.0,6.4,3439,5,2013,1,0,1,1,0,0,0,1,1,0
The Chronicles of Riddick,105000000,27.835436,119.0,6.3,1570,3,2004,0,0,0,1,0,0,0,1,1,0
RoboCop,120000000,66.757869,102.0,5.7,2342,3,2014,0,0,0,1,0,0,0,1,1,0
Speed Racer,120000000,17.060695000000006,135.0,5.7,354,4,2008,0,0,0,1,0,0,0,1,1,0
How Do You Know,120000000,11.137655,121.0,4.9,223,3,2010,1,1,0,0,1,0,0,0,0,0
Knight and Day,117000000,44.906918,109.0,5.9,1547,2,2010,0,1,0,1,0,0,0,0,0,0
Oblivion,120000000,67.698004,124.0,6.4,4800,5,2013,0,0,0,1,0,1,0,1,1,0
Star Wars: Episode III - Revenge of the Sith,113000000,44.108427,140.0,7.1,4116,4,2005,0,0,0,1,0,1,0,1,1,0
Star Wars: Episode II - Attack of the Clones,120000000,43.987061,142.0,6.4,3992,4,2002,0,0,0,1,0,1,0,1,1,0
"Monsters, Inc.",115000000,106.815545,92.0,7.5,5996,3,2001,0,1,0,0,0,0,0,0,0,0
The Wolverine,120000000,15.953444,126.0,6.3,4053,5,2013,0,0,0,1,0,1,0,1,1,0
Star Wars: Episode I - The Phantom Menace,115000000,54.035265,136.0,6.3,4432,4,1999,0,0,0,1,0,1,0,1,1,0
The Croods,135000000,64.18332099999999,98.0,6.8,2399,5,2013,0,1,0,0,0,1,0,0,0,0
Asterix at the Olympic Games,97250400,20.344364,116.0,5.0,471,4,2008,0,1,0,0,0,1,0,0,0,0
Windtalkers,115000000,18.714197,134.0,5.8,341,4,2002,1,0,0,1,0,0,0,0,0,0
The Huntsman: Winter's War,115000000,60.467984,114.0,6.0,1523,3,2016,1,0,0,1,0,1,0,0,0,0
Teenage Mutant Ninja Turtles,125000000,143.350376,101.0,5.8,2636,6,2014,0,1,0,1,0,1,0,1,1,0
Gravity,105000000,110.153618,91.0,7.3,5751,4,2013,1,0,1,0,0,0,0,1,1,0
Dante's Peak,116000000,16.90444,108.0,5.7,428,3,1997,0,0,1,1,0,1,0,0,0,0
Teenage Mutant Ninja Turtles: Out of the Shadows,135000000,39.873791,112.0,5.8,963,4,2016,0,1,0,1,0,1,0,0,0,0
Fantastic Four,120000000,38.126095,100.0,4.4,2278,4,2015,0,0,0,1,0,1,0,1,1,0
Night at the Museum,110000000,48.780039,108.0,6.3,2862,5,2006,0,1,0,1,0,1,0,0,0,0
San Andreas,110000000,100.412364,114.0,6.0,2968,3,2015,1,0,1,1,0,0,0,0,0,0
Tomorrow Never Dies,110000000,42.887121,119.0,6.0,925,3,1997,0,0,1,1,0,1,0,0,0,0
The Patriot,110000000,23.657284,165.0,6.8,1099,4,2000,1,0,0,1,0,0,0,0,0,0
Ocean's Twelve,110000000,76.840712,125.0,6.4,2124,2,2004,0,0,1,0,0,0,1,0,0,0
Mr. & Mrs. Smith,110000000,44.635452,120.0,6.5,2965,4,2005,1,1,1,1,0,0,0,0,0,0
Insurgent,110000000,103.718387,119.0,6.2,3829,4,2015,0,0,1,0,0,1,0,1,1,0
The Aviator,116000000,45.616098,170.0,7.0,1489,1,2004,1,0,0,0,0,0,0,0,0,0
Gulliver's Travels,112000000,22.845143,85.0,4.9,621,1,2010,0,1,0,0,0,0,0,0,0,0
The Green Hornet,120000000,31.70360800000001,119.0,5.5,1251,3,2011,0,1,0,1,0,0,1,0,0,0
300: Rise of an Empire,110000000,71.51059599999998,102.0,6.1,2397,2,2014,0,0,0,1,0,0,0,0,0,0
The Smurfs,110000000,36.65422,103.0,5.5,1179,5,2011,0,1,0,0,0,1,0,0,0,0
Home on the Range,110000000,19.625972,76.0,5.7,389,2,2004,0,0,0,0,0,0,0,0,0,0
Allegiant,110000000,86.105615,121.0,5.9,1998,3,2016,0,0,0,0,0,1,0,1,1,0
Real Steel,110000000,37.19504600000001,127.0,6.6,2692,4,2011,1,0,0,1,0,0,0,1,1,0
The Smurfs 2,105000000,32.473628000000005,105.0,5.5,695,4,2013,0,1,0,0,0,0,0,0,0,0
Speed 2: Cruise Control,160000000,23.336875,121.0,4.1,434,3,1997,0,0,1,1,0,1,0,0,0,0
Ender's Game,110000000,45.94834,114.0,6.6,2303,4,2013,0,0,0,1,0,1,0,1,1,0
Live Free or Die Hard,110000000,48.93337,128.0,6.4,2089,2,2007,0,0,1,1,0,0,0,0,0,0
The Lord of the Rings: The Fellowship of the Ring,93000000,138.049577,178.0,8.0,8705,3,2001,0,0,0,1,0,1,0,0,0,0
Around the World in 80 Days,110000000,22.64377600000001,120.0,5.7,672,3,2004,0,1,0,1,0,1,0,0,0,0
Ali,107000000,18.866672,157.0,6.7,447,1,2001,1,0,0,0,0,0,0,0,0,0
"I, Robot",120000000,95.914473,115.0,6.7,3793,3,2004,0,0,0,1,0,0,0,1,1,0
Kingdom of Heaven,130000000,44.490453,144.0,6.6,1157,5,2005,1,0,0,1,0,1,0,0,0,0
Stuart Little,133000000,30.475297,84.0,5.8,959,4,1999,0,1,0,0,0,0,0,0,0,0
The Princess and the Frog,105000000,62.479574,97.0,6.7,1247,4,2009,0,0,0,0,1,0,0,0,0,0
The Martian,108000000,167.93287,141.0,7.6,7268,4,2015,1,0,0,0,0,1,0,1,1,0
The Island,126000000,37.68056,136.0,6.5,1770,5,2005,0,0,1,1,0,1,0,1,1,0
Town & Country,90000000,1.004579,104.0,3.7,16,2,2001,0,1,0,0,1,0,0,0,0,0
Gone in Sixty Seconds,90000000,52.995628,118.0,6.1,1485,3,2000,0,0,1,1,0,0,1,0,0,0
Gladiator,103000000,95.301296,155.0,7.9,5439,3,2000,1,0,0,1,0,1,0,0,0,0
Minority Report,102000000,65.948959,145.0,7.1,2608,5,2002,0,0,1,1,0,0,0,1,1,0
Harry Potter and the Chamber of Secrets,100000000,132.397737,161.0,7.4,5815,3,2002,0,0,0,0,0,1,0,0,0,0
Casino Royale,150000000,88.935165,144.0,7.3,3855,3,2006,0,0,1,1,0,1,0,0,0,0
Planet of the Apes,100000000,51.188633,119.0,5.6,1243,5,2001,0,0,1,1,0,1,0,1,1,0
Terminator 2: Judgment Day,100000000,101.74155,137.0,7.7,4185,4,1991,0,0,1,1,0,0,0,1,1,0
Public Enemies,80000000,33.691694,140.0,6.5,1344,3,2009,1,0,0,0,0,0,1,0,0,0
American Gangster,100000000,42.361215,157.0,7.4,1502,2,2007,1,0,0,0,0,0,1,0,0,0
True Lies,115000000,38.729418,141.0,6.8,1116,2,1994,0,0,1,1,0,0,0,0,0,0
The Taking of Pelham 1 2 3,100000000,40.597856,106.0,6.2,954,3,2009,1,0,1,0,0,0,1,0,0,0
Little Fockers,100000000,32.389353,98.0,5.4,1060,2,2010,0,1,0,0,1,0,0,0,0,0
The Other Guys,100000000,24.399642,107.0,6.1,1383,3,2010,0,1,0,1,0,0,1,0,0,0
Eraser,100000000,24.507987,115.0,5.6,543,4,1996,1,0,1,1,0,0,0,0,0,0
Django Unchained,100000000,82.121691,165.0,7.8,10099,2,2012,1,0,0,0,0,0,0,0,0,0
The Hunchback of Notre Dame,100000000,46.727941,91.0,6.8,1129,3,1996,1,0,0,0,0,0,0,0,0,0
The Emperor's New Groove,100000000,51.113717,78.0,7.2,1490,5,2000,0,1,0,0,0,1,0,0,0,0
The Expendables 2,100000000,53.73289200000001,103.0,6.1,2896,3,2012,0,0,1,1,0,1,0,0,0,0
National Treasure,100000000,58.849256,131.0,6.4,1926,4,2004,0,0,1,1,0,1,0,0,0,0
Eragon,100000000,30.863434,104.0,4.9,967,4,2006,0,0,0,1,0,1,0,0,0,0
Where the Wild Things Are,100000000,31.58621500000001,101.0,6.4,572,2,2009,0,0,0,0,0,0,0,0,0,0
Epic,100000000,36.711378,102.0,6.4,1121,4,2013,0,0,0,0,0,1,0,0,0,0
The Tourist,100000000,41.426678,103.0,6.0,1699,3,2010,0,0,1,1,1,0,0,0,0,0
End of Days,100000000,20.652943,121.0,5.5,482,4,1999,0,0,0,1,0,0,0,0,0,1
Blood Diamond,100000000,52.792678,143.0,7.3,2281,3,2006,1,0,1,1,0,0,0,0,0,0
The Wolf of Wall Street,100000000,95.007934,180.0,7.9,6571,3,2013,1,1,0,0,0,0,1,0,0,0
Batman Forever,100000000,48.205606,121.0,5.2,1498,3,1995,0,0,0,1,0,0,1,0,0,0
Starship Troopers,105000000,58.782359,129.0,6.7,1560,5,1997,0,0,1,1,0,1,0,1,1,0
Cloud Atlas,102000000,73.872343,172.0,6.6,2977,3,2012,1,0,0,0,0,0,0,1,1,0
Legend of the Guardians: The Owls of Ga'Hoole,80000000,37.321848,97.0,6.5,703,4,2010,0,0,0,0,0,1,0,0,0,0
Catwoman,100000000,32.271938,104.0,4.2,808,2,2004,0,0,0,1,0,0,1,0,0,0
Hercules,100000000,76.842247,99.0,5.6,1680,2,2014,0,0,0,1,0,1,0,0,0,0
Treasure Planet,140000000,38.924136,95.0,7.2,948,6,2002,0,0,0,0,0,1,0,1,1,0
Land of the Lost,100000000,19.38841,102.0,5.3,381,4,2009,0,1,0,0,0,1,0,1,1,0
The Expendables 3,90000000,61.025639,127.0,6.1,1795,3,2014,0,0,1,1,0,1,0,0,0,0
Point Break,105000000,33.507289,114.0,5.5,783,3,2015,0,0,1,1,0,0,1,0,0,0
In the Heart of the Sea,100000000,50.767332,122.0,6.5,1276,5,2015,1,0,1,1,0,1,0,0,0,0
The Adventures of Pluto Nash,100000000,12.092241,95.0,4.4,142,4,2002,0,1,0,1,0,0,0,1,1,0
Green Zone,100000000,30.254021,115.0,6.4,717,5,2010,1,0,1,1,0,1,0,0,0,0
The Peanuts Movie,99000000,34.308098,88.0,6.5,604,1,2015,0,0,0,0,0,0,0,0,0,0
The Spanish Prisoner,10000000,3.091077,110.0,7.1,73,4,1997,1,0,1,0,0,0,1,0,0,0
The Mummy Returns,98000000,41.862983,130.0,6.0,2206,3,2001,0,0,0,1,0,1,0,0,0,0
Gangs of New York,100000000,46.160048,167.0,7.1,1910,3,2002,1,0,0,0,0,0,1,0,0,0
The Flowers of War,94000000,12.516546,145.0,7.1,187,3,2011,1,0,0,0,0,0,0,0,0,0
Surf's Up,85000000,23.230851,85.0,5.9,601,3,2007,0,1,0,0,0,0,0,0,0,0
The Stepford Wives,90000000,19.224754,93.0,5.4,334,4,2004,0,1,0,1,0,0,0,1,1,0
Black Hawk Down,92000000,44.455166,144.0,7.2,1811,3,2001,0,0,0,1,0,0,0,0,0,0
The Fifth Element,90000000,109.528572,126.0,7.3,3885,6,1997,0,0,1,1,0,1,0,1,1,0
Sex and the City 2,100000000,18.325897,146.0,5.4,426,3,2010,1,1,0,0,1,0,0,0,0,0
The Road to El Dorado,95000000,37.054554,89.0,7.0,858,4,2000,0,1,0,0,0,1,0,0,0,0
Ice Age: Continental Drift,95000000,65.22986800000001,88.0,6.2,2672,4,2012,0,1,0,0,0,1,0,0,0,0
Cinderella,95000000,101.187052,105.0,6.7,2374,4,2015,1,0,0,0,1,0,0,0,0,0
The Lovely Bones,65000000,29.257137,136.0,6.6,1065,2,2009,1,0,0,0,0,0,0,0,0,0
Finding Nemo,94000000,85.688789,100.0,7.6,6122,2,2003,0,0,0,0,0,0,0,0,0,0
The Lord of the Rings: The Return of the King,94000000,123.630332,201.0,8.1,8064,3,2003,0,0,0,1,0,1,0,0,0,0
The Lord of the Rings: The Two Towers,79000000,106.914973,179.0,8.0,7487,3,2002,0,0,0,1,0,1,0,0,0,0
Seventh Son,95000000,63.628459,102.0,5.2,957,2,2014,0,0,0,0,0,1,0,0,0,0
Lara Croft: Tomb Raider,115000000,41.498631,100.0,5.7,2192,4,2001,0,0,1,1,0,1,0,0,0,0
Transcendence,100000000,58.991388,119.0,5.9,2295,5,2014,1,0,1,0,0,0,0,1,1,0
Jurassic Park III,93000000,1.859364,92.0,5.7,2077,5,2001,0,0,1,1,0,1,0,1,1,0
Rise of the Planet of the Apes,93000000,138.433168,105.0,7.0,4347,5,2011,1,0,1,1,0,0,0,1,1,0
The Spiderwick Chronicles,90000000,21.436682,95.0,6.3,572,3,2008,0,0,0,0,0,1,0,0,0,0
A Good Day to Die Hard,92000000,65.40259499999999,98.0,5.2,3493,2,2013,0,0,1,1,0,0,0,0,0,0
The Alamo,145000000,10.660441,137.0,5.8,106,3,2004,0,0,0,0,0,0,0,0,0,0
The Incredibles,92000000,77.817571,115.0,7.4,5152,4,2004,0,0,0,1,0,1,0,0,0,0
Cutthroat Island,98000000,7.029308,119.0,5.7,136,2,1995,0,0,0,1,0,1,0,0,0,0
Percy Jackson & the Olympians: The Lightning Thief,95000000,61.121717,118.0,6.0,2010,3,2010,0,0,0,0,0,1,0,0,0,0
Men in Black,90000000,104.121555,98.0,6.9,4412,5,1997,0,1,0,1,0,1,0,1,1,0
Toy Story 2,90000000,73.575118,92.0,7.3,3806,3,1999,0,1,0,0,0,0,0,0,0,0
Unstoppable,100000000,37.698465,98.0,6.3,1165,2,2010,0,0,1,1,0,0,0,0,0,0
Rush Hour 2,90000000,35.814765,90.0,6.4,1054,4,2001,0,1,1,1,0,0,1,0,0,0
What Lies Beneath,100000000,15.835672,130.0,6.3,488,4,2000,1,0,1,0,0,0,0,0,0,1
Cloudy with a Chance of Meatballs,100000000,46.781182,90.0,6.5,1747,3,2009,0,1,0,0,0,0,0,0,0,0
Ice Age: Dawn of the Dinosaurs,90000000,69.457898,94.0,6.5,2271,4,2009,0,1,0,0,0,1,0,0,0,0
The Secret Life of Walter Mitty,90000000,43.348022,114.0,7.0,3144,4,2013,1,1,0,0,0,1,0,0,0,0
Charlie's Angels,92000000,40.20395,98.0,5.6,1232,5,2000,0,1,1,1,0,1,1,0,0,0
The Departed,90000000,63.429157,151.0,7.9,4339,3,2006,1,0,1,0,0,0,1,0,0,0
Mulan,90000000,67.427755,88.0,7.6,2008,3,1998,0,0,0,0,0,1,0,0,0,0
Tropic Thunder,92000000,43.192048,107.0,6.5,1667,2,2008,0,1,0,1,0,0,0,0,0,0
The Girl with the Dragon Tattoo,90000000,47.651083,158.0,7.2,2434,4,2011,1,0,1,0,0,0,1,0,0,0
Die Hard: With a Vengeance,90000000,51.88107700000001,128.0,6.9,2066,2,1995,0,0,1,1,0,0,0,0,0,0
Sherlock Holmes,90000000,57.834787,128.0,7.0,5766,4,2009,0,0,0,1,0,1,1,0,0,0
Ben-Hur,100000000,29.608322,125.0,5.3,621,1,2016,1,0,0,0,0,0,0,0,0,0
Atlantis: The Lost Empire,120000000,51.548589,95.0,6.7,1224,5,2001,0,0,0,0,0,1,0,1,1,0
Valkyrie,75000000,38.832842,121.0,6.7,1173,4,2008,1,0,1,0,0,0,0,0,0,0
You Don't Mess with the Zohan,90000000,40.597344,113.0,5.5,1048,2,2008,0,1,0,1,0,0,0,0,0,0
Pixels,88000000,140.849495,105.0,5.6,2513,4,2015,0,1,0,1,0,0,0,1,1,0
A.I. Artificial Intelligence,100000000,34.035114,146.0,6.8,1974,4,2001,1,0,0,0,0,1,0,1,1,0
The Haunted Mansion,90000000,16.302378,99.0,5.2,466,5,2003,0,1,1,0,0,0,0,0,0,0
Contact,90000000,55.249434,150.0,7.2,1308,4,1997,1,0,0,0,0,0,0,1,1,0
Hollow Man,95000000,28.200874,112.0,5.6,634,4,2000,0,0,1,1,0,0,0,1,1,0
The Interpreter,80000000,18.69984,128.0,6.2,392,2,2005,0,0,1,0,0,0,1,0,0,0
Percy Jackson: Sea of Monsters,90000000,40.262261,106.0,5.9,1648,3,2013,0,0,0,0,0,1,0,0,0,0
Lara Croft Tomb Raider: The Cradle of Life,95000000,56.81105600000001,117.0,5.5,1418,4,2003,0,0,1,1,0,1,0,0,0,0
Now You See Me 2,90000000,51.535701,129.0,6.7,3235,5,2016,0,1,0,1,0,1,1,0,0,0
The Saint,68000000,20.913852,116.0,5.9,302,6,1997,0,0,1,1,1,1,0,1,1,0
Spy Game,92000000,27.166757,126.0,6.8,579,3,2001,0,0,1,1,0,0,1,0,0,0
Mission to Mars,90000000,16.058284,114.0,5.7,369,2,2000,0,0,0,0,0,0,0,1,1,0
Rio,90000000,46.200042,96.0,6.5,2166,4,2011,0,1,0,0,0,1,0,0,0,0
Bicentennial Man,100000000,24.939295,131.0,6.9,963,3,1999,0,1,0,0,0,0,0,1,1,0
The Devil's Own,90000000,15.350451,107.0,5.9,290,3,1997,1,0,1,0,0,0,1,0,0,0
K-19: The Widowmaker,100000000,15.625949,138.0,6.1,264,3,2002,1,0,1,0,0,0,0,0,0,0
Conan the Barbarian,20000000,31.802807,129.0,6.6,650,3,1982,0,0,0,1,0,1,0,0,0,0
Cinderella Man,88000000,24.100863,144.0,7.3,616,3,2005,1,0,0,0,1,0,0,0,0,0
The Nutcracker: The Untold Story,90000000,3.593349,110.0,5.4,50,3,2010,0,0,0,1,0,0,0,0,0,0
Seabiscuit,87000000,14.824166,141.0,6.7,216,2,2003,1,0,0,0,0,0,0,0,0,0
Twister,92000000,32.079995000000004,113.0,6.1,950,3,1996,1,0,0,1,0,1,0,0,0,0
Cast Away,90000000,57.739713,143.0,7.5,3218,2,2000,1,0,0,0,0,1,0,0,0,0
Happy Feet,100000000,37.272385,108.0,5.9,1410,2,2006,0,1,0,0,0,0,0,0,0,0
The Bourne Supremacy,75000000,53.213931,108.0,7.2,2825,3,2004,1,0,1,1,0,0,0,0,0,0
Air Force One,85000000,36.38795,124.0,6.2,840,2,1997,0,0,1,1,0,0,0,0,0,0
Ocean's Eleven,85000000,60.929352,116.0,7.2,3783,2,2001,0,0,1,0,0,0,1,0,0,0
The Three Musketeers,75000000,36.605246,110.0,5.6,924,3,2011,0,0,1,1,0,1,0,0,0,0
Hotel Transylvania,85000000,56.257411,91.0,6.8,2566,4,2012,0,1,0,0,0,0,0,0,0,0
Enchanted,85000000,29.21998,107.0,6.6,1449,4,2007,0,1,0,0,1,0,0,0,0,0
Safe House,85000000,34.773106,115.0,6.3,1345,2,2012,0,0,1,1,0,0,0,0,0,0
102 Dalmatians,85000000,9.895061,100.0,5.1,313,2,2000,0,1,0,0,0,0,0,0,0,0
Tower Heist,75000000,36.743324,104.0,5.8,932,2,2011,0,1,0,1,0,0,0,0,0,0
The Holiday,85000000,44.967453000000006,136.0,6.7,1225,2,2006,0,1,0,0,1,0,0,0,0,0
Enemy of the State,90000000,41.207568,132.0,6.7,1240,3,1998,1,0,1,1,0,0,0,0,0,0
It's Complicated,85000000,16.479851,121.0,6.2,360,2,2009,0,1,0,0,1,0,0,0,0,0
Ocean's Thirteen,85000000,42.069993,122.0,6.5,1999,2,2007,0,0,1,0,0,0,1,0,0,0
Open Season,85000000,26.61951,83.0,6.1,656,3,2006,0,0,0,0,0,1,0,0,0,0
Divergent,85000000,80.316463,139.0,6.9,4663,4,2014,0,0,0,1,0,1,0,1,1,0
Enemy at the Gates,68000000,41.273567,131.0,7.2,999,1,2001,0,0,0,0,0,0,0,0,0,0
The Rundown,85000000,24.107835,104.0,6.4,514,4,2003,0,1,1,1,0,1,0,0,0,0
Last Action Hero,85000000,32.044191,130.0,6.1,712,5,1993,0,1,0,1,0,1,0,0,0,0
Memoirs of a Geisha,85000000,16.595874,145.0,7.3,652,3,2005,1,0,0,0,1,0,0,0,0,0
The Fast and the Furious: Tokyo Drift,85000000,8.282876,104.0,6.1,1705,4,2006,1,0,1,1,0,0,1,0,0,0
Meet Joe Black,90000000,36.069611,178.0,6.9,1147,3,1998,1,0,0,0,0,0,0,0,0,0
Collateral Damage,85000000,18.827753,108.0,5.5,427,3,2002,1,0,1,1,0,0,0,0,0,0
Mirror Mirror,85000000,48.126297,106.0,5.5,1114,6,2012,1,1,0,0,0,1,0,1,1,0
Scott Pilgrim vs. the World,60000000,38.885195,112.0,7.2,2126,3,2010,0,1,0,1,0,1,0,0,0,0
The Core,60000000,29.211255,136.0,5.4,516,5,2003,0,0,1,1,0,1,0,1,1,0
Nutty Professor II: The Klumps,84000000,17.783361,106.0,4.7,332,5,2000,0,1,0,0,1,0,0,1,1,0
Scooby-Doo,84000000,31.435539,88.0,5.4,820,3,2002,0,1,0,0,0,1,0,0,0,0
Dredd,50000000,57.67393199999999,95.0,6.6,1940,3,2012,0,0,0,1,0,0,0,1,1,0
Click,82500000,41.176631,107.0,6.0,2104,4,2006,1,1,0,0,1,0,0,0,0,0
Creepshow,8000000,13.661289000000002,120.0,6.7,226,3,1982,0,1,0,0,0,0,0,0,0,1
Cats & Dogs 2 : The Revenge of Kitty Galore,85000000,11.77398,82.0,4.9,119,2,2010,0,1,0,0,0,0,0,0,0,0
Jumper,85000000,21.218000000000004,88.0,5.9,1799,4,2008,0,0,0,0,0,1,0,1,1,0
Hellboy II: The Golden Army,85000000,58.57976,120.0,6.5,1527,4,2008,0,0,0,0,0,1,0,1,1,0
Zodiac,65000000,51.970905,157.0,7.3,2023,4,2007,1,0,1,0,0,0,1,0,0,0
The 6th Day,82000000,18.447479,123.0,5.7,595,2,2000,0,0,0,0,0,0,0,1,1,0
Bruce Almighty,80000000,109.68478799999998,101.0,6.4,3012,2,2003,0,1,0,0,0,0,0,0,0,0
The Expendables,80000000,77.58066099999998,103.0,6.0,2926,3,2010,0,0,1,1,0,1,0,0,0,0
Mission: Impossible,80000000,75.290998,110.0,6.7,2631,3,1996,0,0,1,1,0,1,0,0,0,0
The Hunger Games,75000000,68.550698,142.0,6.9,9455,4,2012,0,0,0,0,0,1,0,1,1,0
The Hangover Part II,80000000,58.040149,102.0,6.2,3739,1,2011,0,1,0,0,0,0,0,0,0,0
Batman Returns,80000000,59.113174,126.0,6.6,1673,2,1992,0,0,0,1,0,0,0,0,0,0
Over the Hedge,80000000,36.32705,83.0,6.3,1074,3,2006,0,1,0,0,0,0,0,0,0,0
Lilo & Stitch,80000000,55.659988,85.0,7.1,1314,2,2002,0,0,0,0,0,0,0,0,0,0
Charlotte's Web,85000000,14.132583,97.0,5.8,288,3,2006,0,1,0,0,0,0,0,0,0,0
Deep Impact,75000000,34.070054,120.0,5.9,855,3,1998,1,0,0,1,1,0,0,0,0,0
The Longest Yard,82000000,26.065735,113.0,6.2,785,2,2005,1,1,0,0,0,0,0,0,0,0
Alvin and the Chipmunks: Chipwrecked,75000000,23.473004,87.0,5.4,484,5,2011,0,1,0,0,0,0,0,0,0,0
Grown Ups 2,80000000,45.589568,100.0,5.8,1155,1,2013,0,1,0,0,0,0,0,0,0,0
Get Smart,80000000,23.496054,110.0,6.0,1051,3,2008,0,1,1,1,0,0,0,0,0,0
Something's Gotta Give,80000000,16.939441,128.0,6.3,410,3,2003,1,1,0,0,1,0,0,0,0,0
Shutter Island,80000000,81.91469599999998,138.0,7.8,6336,3,2010,1,0,1,0,0,0,0,0,0,0
Four Christmases,80000000,19.500893,88.0,5.3,331,3,2008,1,1,0,0,1,0,0,0,0,0
Robots,75000000,29.558157,91.0,6.0,1333,5,2005,0,1,0,0,0,0,0,1,1,0
Face/Off,80000000,46.075037,138.0,6.8,1583,5,1997,0,0,1,1,0,0,1,1,1,0
Bedtime Stories,80000000,23.531721,99.0,5.9,901,4,2008,0,1,0,0,1,0,0,0,0,0
Road to Perdition,80000000,49.078546,117.0,7.3,1077,3,2002,1,0,1,0,0,0,1,0,0,0
Just Go with It,80000000,37.02665,117.0,6.3,1543,2,2011,0,1,0,0,1,0,0,0,0,0
Con Air,75000000,45.154631,115.0,6.5,1270,3,1997,0,0,1,1,0,0,1,0,0,0
Eagle Eye,80000000,46.887983,118.0,6.3,1018,3,2008,0,0,1,1,0,0,0,0,0,0
Cold Mountain,79000000,24.598479,154.0,6.7,533,1,2003,1,0,0,0,0,0,0,0,0,0
The Book of Eli,80000000,32.363538,118.0,6.6,2164,4,2010,0,0,1,1,0,0,0,1,1,0
Flubber,80000000,11.50396,93.0,5.3,695,4,1997,0,1,0,0,0,0,0,1,1,0
The Haunting,80000000,19.375768,113.0,5.2,369,4,1999,0,0,1,0,0,0,0,0,0,1
Space Jam,80000000,36.125715,88.0,6.5,1288,5,1996,1,1,0,0,0,0,0,0,0,0
The Day the Earth Stood Still,80000000,41.890722,104.0,5.2,1043,4,2008,1,0,1,0,0,0,0,1,1,0
Conspiracy Theory,75000000,22.179658,135.0,6.5,431,4,1997,1,0,1,1,0,0,0,0,0,0
Fury,68000000,139.575085,135.0,7.4,3946,3,2014,1,0,0,1,0,0,0,0,0,0
Six Days Seven Nights,70000000,18.264635,98.0,5.6,332,4,1998,0,1,0,1,1,1,0,0,0,0
Yogi Bear,80000000,11.187696,80.0,5.2,220,4,2010,0,1,0,0,0,1,0,0,0,0
Spirit: Stallion of the Cimarron,80000000,41.670544,83.0,7.4,831,5,2002,0,1,0,0,0,1,0,0,0,0
Zookeeper,80000000,27.462640000000004,102.0,5.3,498,3,2011,0,1,0,0,1,0,0,0,0,0
Lost in Space,80000000,17.455023999999998,130.0,5.0,388,4,1998,0,0,0,0,0,1,0,1,1,0
The Manchurian Candidate,80000000,21.394281,129.0,6.2,393,3,2004,1,0,1,0,0,0,0,0,0,0
Hotel Transylvania 2,80000000,61.692197,89.0,6.7,1497,3,2015,0,1,0,0,0,0,0,0,0,0
Fantasia 2000,80000000,14.530945999999998,74.0,7.0,292,3,1999,0,0,0,0,0,0,0,0,0,0
The Time Machine,80000000,25.978555,96.0,5.8,631,4,2002,0,0,0,1,0,1,0,1,1,0
Swordfish,102000000,36.788745,99.0,6.1,932,3,2001,0,0,1,1,0,0,1,0,0,0
The Legend of Zorro,75000000,31.054334000000004,129.0,5.9,893,2,2005,0,0,0,1,0,1,0,0,0,0
What Dreams May Come,85000000,21.891078,113.0,6.8,577,3,1998,1,0,0,0,1,0,0,0,0,0
The Brothers Grimm,88000000,40.138009,118.0,5.6,818,5,2005,0,1,1,1,0,1,0,0,0,0
Mars Attacks!,70000000,44.090535,106.0,6.1,1509,4,1996,0,1,0,0,0,0,0,1,1,0
Surrogates,80000000,36.664991,89.0,5.9,1195,4,2009,0,0,1,1,0,0,0,1,1,0
Thirteen Days,80000000,18.26121,145.0,6.9,189,2,2000,1,0,1,0,0,0,0,0,0,0
Daylight,80000000,16.681269,115.0,5.8,378,3,1996,0,0,1,1,0,1,0,0,0,0
Walking With Dinosaurs,80000000,10.088006,87.0,5.2,133,3,2013,0,0,0,0,0,1,0,0,0,0
Battlefield Earth,44000000,7.89147,118.0,3.0,255,4,2000,0,0,0,1,0,0,0,1,1,0
Looney Tunes: Back in Action,80000000,16.715631,90.0,5.6,297,3,2003,0,1,0,0,0,0,0,0,0,0
Nine,80000000,9.357734,112.0,5.1,165,3,2009,1,0,0,0,1,0,0,0,0,0
Timeline,80000000,11.22268,116.0,5.4,318,4,2003,0,0,0,1,0,1,0,1,1,0
The Postman,80000000,14.564667000000002,177.0,6.1,299,2,1997,1,0,0,0,0,1,0,0,0,0
Babe: Pig in the City,90000000,11.356079,92.0,5.2,305,5,1998,1,1,0,0,0,1,0,0,0,0
The Last Witch Hunter,90000000,52.612025,106.0,5.7,1316,3,2015,0,0,0,1,0,1,0,0,0,0
Red Planet,80000000,13.800656,106.0,5.4,267,4,2000,0,0,1,1,0,0,0,1,1,0
Arthur and the Invisibles,86000000,27.097932,94.0,6.0,639,4,2006,0,0,0,0,0,1,0,0,0,0
A Sound of Thunder,80000000,7.342892,110.0,4.8,111,5,2005,0,0,1,1,0,1,0,1,1,0
Pompeii,130000000,50.561849,105.0,5.2,1267,5,2014,1,0,0,1,1,1,0,0,0,0
A Beautiful Mind,60000000,59.248437,135.0,7.7,3009,2,2001,1,0,0,0,1,0,0,0,0,0
The Lion King,45000000,90.457886,89.0,8.0,5376,3,1994,1,0,0,0,0,0,0,0,0,0
Journey 2: The Mysterious Island,79000000,40.72345900000001,94.0,5.8,1030,4,2012,0,0,0,1,0,1,0,1,1,0
Cloudy with a Chance of Meatballs 2,78000000,41.247402,95.0,6.4,915,3,2013,0,1,0,0,0,0,0,0,0,0
Red Dragon,78000000,10.083905,124.0,6.7,1115,3,2002,0,0,1,0,0,0,1,0,0,1
Hidalgo,100000000,16.759252,136.0,6.5,318,2,2004,0,0,0,0,0,1,0,0,0,0
Jack and Jill,79000000,22.132418,91.0,4.1,604,1,2011,0,1,0,0,0,0,0,0,0,0
2 Fast 2 Furious,76000000,10.520961,107.0,6.2,2028,3,2003,0,0,1,1,0,0,1,0,0,0
The Little Prince,64000000,35.384423,92.0,7.6,756,3,2015,0,0,0,0,0,1,0,0,0,0
The Invasion,80000000,15.673154,99.0,5.7,359,3,2007,0,0,1,0,0,0,0,1,1,0
The Adventures of Rocky & Bullwinkle,76000000,8.981427,88.0,3.9,87,5,2000,0,1,0,1,0,1,0,0,0,0
The Secret Life of Pets,75000000,31.482872,87.0,5.9,3462,2,2016,0,0,0,0,0,0,0,0,0,0
The League of Extraordinary Gentlemen,78000000,47.436675,110.0,5.7,1155,5,2003,0,0,1,1,0,0,0,1,1,0
Despicable Me 2,76000000,136.886704,98.0,7.0,4637,3,2013,0,1,0,0,0,0,0,0,0,0
Independence Day,75000000,60.442593,145.0,6.7,3260,4,1996,0,0,0,1,0,1,0,1,1,0
The Lost World: Jurassic Park,73000000,2.502487,129.0,6.2,2487,4,1997,0,0,0,1,0,1,0,1,1,0
Madagascar,75000000,48.110909,86.0,6.6,3237,2,2005,0,0,0,0,0,0,0,0,0,0
Children of Men,76000000,35.387874,109.0,7.4,2071,5,2006,1,0,1,1,0,0,0,1,1,0
X-Men,75000000,4.66891,104.0,6.8,4097,4,2000,0,0,0,1,0,1,0,1,1,0
Wanted,75000000,73.82289,110.0,6.4,2528,3,2008,0,0,1,1,0,0,1,0,0,0
The Rock,75000000,51.469576,136.0,6.9,1456,3,1996,0,0,1,1,0,1,0,0,0,0
Ice Age: The Meltdown,80000000,85.11505799999998,91.0,6.5,2951,4,2006,0,1,0,0,0,1,0,0,0,0
50 First Dates,75000000,61.437586,99.0,6.6,2105,2,2004,0,1,0,0,1,0,0,0,0,0
Hairspray,50000000,31.160542,117.0,6.5,709,4,2007,0,1,0,0,1,0,0,0,0,0
Exorcist: The Beginning,80000000,15.761384,114.0,4.7,183,3,2004,0,0,1,0,0,0,0,0,0,1
Now You See Me,75000000,71.124686,115.0,7.3,5487,2,2013,0,0,1,0,0,0,1,0,0,0
Grown Ups,80000000,38.864027,102.0,6.0,1705,1,2010,0,1,0,0,0,0,0,0,0,0
The Terminal,60000000,57.753914,128.0,7.0,1910,2,2004,1,1,0,0,0,0,0,0,0,0
Hotel for Dogs,35000000,13.25753,100.0,5.7,202,2,2009,0,1,0,0,0,0,0,0,0,0
Vertical Limit,75000000,13.318744,124.0,5.9,283,3,2000,0,0,1,1,0,1,0,0,0,0
Charlie Wilson's War,75000000,18.70031,102.0,6.5,338,3,2007,1,1,0,0,0,0,0,0,0,0
Shark Tale,75000000,47.094369,90.0,5.8,1557,4,2004,0,1,0,1,0,0,0,0,0,0
Dreamgirls,70000000,14.486311,134.0,6.6,284,1,2006,1,0,0,0,0,0,0,0,0,0
Be Cool,53000000,18.61472,118.0,5.4,292,2,2005,0,1,0,0,0,0,1,0,0,0
Munich,70000000,29.035222,164.0,6.9,696,4,2005,1,0,1,1,0,0,0,0,0,0
Tears of the Sun,70000000,27.055085,121.0,6.4,573,3,2003,1,0,0,1,0,0,0,0,0,0
Killers,75000000,23.004607,100.0,5.7,772,4,2010,0,1,1,1,1,0,0,0,0,0
The Man from U.N.C.L.E.,75000000,48.74420900000001,116.0,7.1,2265,3,2015,0,1,0,1,0,1,0,0,0,0
Spanglish,80000000,14.209329,130.0,5.8,369,1,2004,0,1,0,0,0,0,0,0,0,0
Monster House,75000000,36.368839,91.0,6.3,874,4,2006,0,1,0,0,0,0,0,0,0,0
Bandits,75000000,24.353302,123.0,6.2,302,4,2001,0,1,0,1,1,0,1,0,0,0
First Knight,55000000,19.143321,134.0,5.9,311,4,1995,1,0,0,1,1,1,0,0,0,0
Immortals,75000000,37.917002,110.0,5.7,880,3,2011,1,0,0,1,0,0,0,0,0,0
Hostage,52000000,23.663713,113.0,6.2,512,4,2005,1,0,1,0,0,0,1,0,0,0
Titan A.E.,75000000,14.44381,94.0,6.3,313,6,2000,0,0,0,1,0,1,0,1,1,0
Hollywood Homicide,75000000,10.605084,116.0,5.0,166,4,2003,0,1,1,1,0,1,0,0,0,0
Soldier,75000000,11.873856,99.0,6.1,221,4,1998,0,0,0,1,0,0,0,1,1,0
Monkeybone,75000000,8.098369,93.0,4.3,78,5,2001,0,1,0,1,0,1,0,0,0,0
Flight of the Phoenix,45000000,20.374308,113.0,5.7,276,4,2004,1,0,1,1,0,1,0,0,0,0
Unbreakable,75000000,42.006908,106.0,6.9,1946,4,2000,1,0,1,0,0,0,0,1,1,0
Minions,74000000,875.581305,91.0,6.4,4571,4,2015,0,1,0,0,0,1,0,0,0,0
Sucker Punch,82000000,39.127082,110.0,5.9,1623,3,2011,0,0,1,1,0,0,0,0,0,0
Snake Eyes,73000000,20.790703,98.0,5.8,327,2,1998,0,0,0,0,0,0,1,0,0,0
Sphere,75000000,18.65988,134.0,5.8,476,2,1998,0,0,0,0,0,0,0,1,1,0
The Angry Birds Movie,73000000,45.720894,97.0,5.9,1022,2,2016,0,0,0,0,0,0,0,0,0,0
Fool's Gold,70000000,21.789615,112.0,5.4,444,3,2008,0,1,0,0,1,1,0,0,0,0
Funny People,75000000,20.199057,146.0,5.7,390,2,2009,1,1,0,0,0,0,0,0,0,0
The Kingdom,70000000,26.123705,110.0,6.5,513,3,2007,1,0,1,1,0,0,0,0,0,0
Talladega Nights: The Ballad of Ricky Bobby,72500000,12.599836,116.0,6.2,491,1,2006,0,1,0,0,0,0,0,0,0,0
Dr. Dolittle 2,70000000,13.543053,87.0,4.9,410,4,2001,0,1,0,0,1,0,0,0,0,0
Braveheart,72000000,60.722162,177.0,7.7,3336,4,1995,1,0,0,1,0,0,0,0,0,0
Jarhead,72000000,32.227222999999995,125.0,6.6,765,2,2005,1,0,0,0,0,0,0,0,0,0
The Simpsons Movie,75000000,46.875375,87.0,6.9,2264,3,2007,0,1,0,0,0,0,0,0,0,0
The Majestic,72000000,11.215702,152.0,6.6,188,2,2001,1,0,0,0,1,0,0,0,0,0
Driven,94000000,8.468586,116.0,4.5,179,1,2001,0,0,0,1,0,0,0,0,0,0
Two Brothers,74500000,8.884317999999997,109.0,6.9,180,3,2004,1,0,0,0,0,1,0,0,0,0
The Village,60000000,27.491891,108.0,6.2,1071,3,2004,1,0,1,0,0,0,0,0,0,0
Doctor Dolittle,71000000,21.462935,85.0,5.4,686,3,1998,0,1,0,0,0,0,0,0,0,0
Signs,72000000,28.848187,106.0,6.4,1599,5,2002,1,0,1,0,0,0,0,1,1,0
Shrek 2,150000000,47.320801,93.0,6.7,2988,5,2004,0,1,0,0,0,1,0,0,0,0
Cars,120000000,82.643036,117.0,6.6,3877,4,2006,0,1,0,0,0,1,0,0,0,0
Runaway Bride,70000000,20.230535,116.0,5.7,455,2,1999,0,1,0,0,1,0,0,0,0,0
xXx,70000000,46.217769,124.0,5.8,1424,3,2002,0,0,1,1,0,1,0,0,0,0
The SpongeBob Movie: Sponge Out of Water,74000000,36.952268,93.0,5.8,719,4,2015,0,1,0,0,0,1,0,0,0,0
Ransom,80000000,16.411345,117.0,6.4,470,2,1996,0,0,1,1,0,0,0,0,0,0
Inglourious Basterds,70000000,72.595961,153.0,7.9,6430,4,2009,1,0,1,1,0,0,0,0,0,0
Hook,70000000,33.648404,144.0,6.6,1532,4,1991,0,1,0,0,0,1,0,0,0,0
Die Hard 2,70000000,57.69846999999999,124.0,6.6,1896,2,1990,0,0,1,1,0,0,0,0,0,0
S.W.A.T.,80000000,34.052253,117.0,5.8,770,3,2003,0,0,1,1,0,0,1,0,0,0
Vanilla Sky,68000000,27.299301,136.0,6.5,1078,6,2001,1,0,1,0,1,0,0,1,1,0
Lady in the Water,75000000,20.219385,110.0,5.3,409,4,2006,1,0,1,0,0,0,0,0,0,0
AVP: Alien vs. Predator,70000000,42.957216,101.0,5.5,1217,4,2004,0,0,0,1,0,1,0,1,1,0
Alvin and the Chipmunks: The Squeakquel,75000000,29.412262,88.0,5.4,666,5,2009,0,1,0,0,0,0,0,0,0,0
We Were Soldiers,75000000,19.708731,138.0,6.7,521,3,2002,0,0,0,1,0,0,0,0,0,0
Olympus Has Fallen,70000000,59.428223,120.0,6.2,2981,2,2013,0,0,1,1,0,0,0,0,0,0
Star Trek: Insurrection,70000000,19.71195100000001,103.0,6.3,391,5,1998,0,0,1,1,0,1,0,1,1,0
Battle: Los Angeles,70000000,49.199234,116.0,5.5,1448,3,2011,0,0,0,1,0,0,0,1,1,0
Big Fish,70000000,46.199482,125.0,7.6,1994,3,2003,1,0,0,0,0,1,0,0,0,0
War Horse,66000000,29.505574,146.0,7.0,992,2,2011,1,0,0,0,0,0,0,0,0,0
The Monuments Men,70000000,43.873266,118.0,5.8,1523,4,2014,1,0,0,1,0,0,0,0,0,0
The Abyss,70000000,24.961625,139.0,7.1,808,5,1989,0,0,1,1,0,1,0,1,1,0
Wall Street: Money Never Sleeps,70000000,23.25645,133.0,5.8,493,2,2010,1,0,0,0,0,0,1,0,0,0
Dracula Untold,70000000,64.45794699999999,92.0,6.2,2389,5,2014,1,0,0,1,0,0,0,0,0,1
The Siege,70000000,20.089933,116.0,6.0,352,4,1998,1,0,1,1,0,0,1,0,0,0
Stardust,70000000,48.03273400000001,127.0,7.1,1184,4,2007,0,0,0,0,1,1,0,0,0,0
Seven Years in Tibet,70000000,16.92991,136.0,7.0,630,3,1997,1,0,0,0,0,1,0,0,0,0
The Dilemma,70000000,14.780634,111.0,5.2,304,2,2011,1,1,0,0,0,0,0,0,0,0
Bad Company,70000000,14.086292000000002,116.0,5.4,228,4,2002,0,1,1,1,0,1,0,0,0,0
Doom,60000000,29.261348,105.0,5.0,609,3,2005,0,0,0,1,0,1,0,0,0,1
I Spy,70000000,13.267631,97.0,5.2,269,4,2002,0,1,1,1,0,1,0,0,0,0
Underworld: Awakening,70000000,58.40120400000001,88.0,6.1,1862,3,2012,0,0,0,1,0,0,0,0,0,1
Rock of Ages,75000000,23.515938,123.0,6.0,385,4,2012,1,1,0,0,1,0,0,0,0,0
Hart's War,70000000,14.244518,125.0,5.9,241,2,2002,1,0,0,0,0,0,0,0,0,0
Killer Elite,66000000,29.50148900000001,116.0,6.1,695,3,2011,0,0,1,1,0,1,0,0,0,0
Ballistic: Ecks vs. Sever,70000000,8.37378,91.0,4.3,97,3,2002,0,0,1,1,0,1,0,0,0,0
Hard Rain,70000000,10.930537,97.0,5.5,179,1,1998,0,0,1,0,0,0,0,0,0,0
Osmosis Jones,75000000,10.54544,95.0,5.9,228,5,2001,0,1,0,1,0,1,0,0,0,0
Legends of Oz: Dorothy's Return,70000000,6.682006,88.0,5.9,43,3,2013,0,0,0,0,0,0,0,0,0,0
Blackhat,70000000,46.832372,133.0,5.1,826,3,2015,1,0,0,0,0,0,1,0,0,0
Sky Captain and the World of Tomorrow,70000000,24.664776,107.0,5.7,439,6,2004,0,0,1,1,0,1,0,1,1,0
Basic Instinct 2,70000000,13.483387,114.0,4.6,180,3,2006,0,0,1,0,0,0,1,0,0,0
Escape Plan,50000000,44.478043,115.0,6.7,1659,2,2013,0,0,1,1,0,0,0,0,0,0
The Legend of Hercules,70000000,25.020428,99.0,4.4,533,2,2014,0,0,0,1,0,1,0,0,0,0
The Sum of All Fears,68000000,22.392544,124.0,5.9,437,3,2002,1,0,1,1,0,0,0,0,0,0
The Twilight Saga: Eclipse,68000000,107.069763,124.0,5.8,2301,4,2010,1,0,0,0,1,1,0,0,0,0
The Score,68000000,22.572323,124.0,6.7,423,3,2001,0,0,1,1,0,0,1,0,0,0
Despicable Me,69000000,113.858273,95.0,7.1,6478,2,2010,0,0,0,0,0,0,0,0,0,0
Money Train,60000000,10.004564,103.0,5.4,222,3,1995,0,1,0,1,0,0,1,0,0,0
Ted 2,68000000,68.734513,115.0,6.2,2463,1,2015,0,1,0,0,0,0,0,0,0,0
Agora,70000000,18.888806,127.0,6.9,395,3,2009,1,0,0,0,0,1,0,0,0,0
Mystery Men,68000000,12.948627,121.0,5.7,250,6,1999,0,1,0,1,0,1,0,1,1,0
Hall Pass,36000000,27.115890000000004,105.0,5.4,611,1,2011,0,1,0,0,0,0,0,0,0,0
The Insider,90000000,26.153669,157.0,7.3,481,2,1999,1,0,1,0,0,0,0,0,0,0
The Finest Hours,80000000,28.22366400000001,114.0,6.3,588,4,2016,1,0,1,1,0,0,0,0,0,0
Body of Lies,70000000,37.507136,128.0,6.5,895,3,2008,1,0,1,1,0,0,0,0,0,0
Dinner for Schmucks,69000000,11.023691,114.0,5.5,531,1,2010,0,1,0,0,0,0,0,0,0,0
Abraham Lincoln: Vampire Hunter,69000000,38.634767,94.0,5.5,1269,3,2012,0,0,0,1,0,0,0,0,0,1
Entrapment,66000000,25.877794,112.0,6.0,602,3,1999,1,0,0,0,1,0,0,0,0,0
The X Files,66000000,18.59991,121.0,6.6,488,4,1998,0,0,1,0,0,0,0,1,1,0
The Last Legion,67000000,12.282911,102.0,5.0,207,4,2007,0,0,0,1,0,1,0,0,0,0
Saving Private Ryan,70000000,76.04186700000002,169.0,7.9,5048,3,1998,1,0,0,0,0,0,0,0,0,0
Need for Speed,66000000,54.81489000000001,130.0,6.1,1520,4,2014,1,0,1,1,0,0,1,0,0,0
What Women Want,70000000,31.39165,127.0,6.1,992,2,2000,0,1,0,0,1,0,0,0,0,0
Ice Age,59000000,99.561972,81.0,7.1,3857,4,2002,0,1,0,0,0,1,0,0,0,0
Dreamcatcher,68000000,26.792794,136.0,5.3,567,5,2003,1,0,1,0,0,0,0,1,1,1
Lincoln,65000000,36.307296,149.0,6.7,1429,2,2012,1,0,0,0,0,0,0,0,0,0
The Matrix,63000000,104.309993,136.0,7.9,8907,3,1999,0,0,0,1,0,0,0,1,1,0
Apollo 13,52000000,68.140214,140.0,7.3,1599,1,1995,1,0,0,0,0,0,0,0,0,0
The Santa Clause 2,65000000,14.646884,104.0,5.5,297,3,2002,0,1,0,0,0,0,0,0,0,0
Les Misérables,61000000,48.356214,157.0,7.1,1884,3,2012,1,0,0,0,1,0,0,0,0,0
You've Got Mail,65000000,28.540267,119.0,6.3,838,2,1998,0,1,0,0,1,0,0,0,0,0
Step Brothers,65000000,22.977983,98.0,6.5,1062,1,2008,0,1,0,0,0,0,0,0,0,0
The Mask of Zorro,95000000,31.086791,136.0,6.3,1183,2,1998,0,0,0,1,0,1,0,0,0,0
Due Date,65000000,43.865294,95.0,6.2,1685,2,2010,1,1,0,0,0,0,0,0,0,0
Unbroken,65000000,43.055253,137.0,7.3,1400,2,2014,1,0,0,0,0,0,0,0,0,0
Space Cowboys,65000000,15.772081,130.0,6.3,403,3,2000,0,0,1,1,0,1,0,0,0,0
Cliffhanger,70000000,26.19909,112.0,6.1,588,3,1993,0,0,1,1,0,1,0,0,0,0
Broken Arrow,50000000,22.769108,108.0,5.7,453,4,1996,1,0,1,1,0,1,0,0,0,0
The Kid,65000000,18.281798,104.0,6.0,238,3,2000,0,1,0,0,0,0,0,0,0,0
World Trade Center,63000000,24.697533,128.0,5.9,447,3,2006,1,0,1,0,0,0,0,0,0,0
The Dictator,65000000,31.349143,83.0,5.9,1743,1,2012,0,1,0,0,0,0,0,0,0,0
Eyes Wide Shut,65000000,27.870312,159.0,7.1,1234,2,1999,1,0,0,0,0,0,0,0,0,0
Annie,65000000,33.439187,119.0,6.0,466,3,2014,1,1,0,0,0,0,0,0,0,0
Focus,50100000,59.63402900000001,105.0,6.7,2542,4,2015,1,1,0,0,1,0,1,0,0,0
This Means War,65000000,38.994297,103.0,5.9,1389,3,2012,0,1,0,1,1,0,0,0,0,0
Blade: Trinity,65000000,49.660055,123.0,5.7,1252,6,2004,0,0,1,1,0,1,0,1,1,1
Red Dawn,4200000,11.743085,114.0,6.4,215,2,1984,0,0,1,1,0,0,0,0,0,0
Resident Evil: Retribution,65000000,6.227675,95.0,5.6,1600,4,2012,0,0,0,1,0,0,0,1,1,1
Death Race,45000000,42.57877,105.0,6.0,1175,4,2008,0,0,1,1,0,0,0,1,1,0
The Long Kiss Goodnight,65000000,15.858629,120.0,6.5,314,4,1996,0,0,1,1,0,0,1,0,0,0
Zathura: A Space Adventure,65000000,15.194239,101.0,6.1,779,5,2005,0,0,0,0,0,1,0,1,1,0
Fight Club,63000000,146.75739099999996,139.0,8.3,9413,1,1999,1,0,0,0,0,0,0,0,0,0
We Are Marshall,65000000,8.629665,124.0,6.7,186,1,2006,1,0,0,0,0,0,0,0,0,0
Hudson Hawk,65000000,16.803457,100.0,5.4,269,3,1991,0,1,0,1,0,1,0,0,0,0
"I, Frankenstein",65000000,31.32473400000001,92.0,5.0,687,2,2014,0,0,1,0,0,0,0,0,0,1
Oliver Twist,50000000,20.415572,130.0,6.7,274,3,2005,1,0,0,0,0,0,1,0,0,0
Elektra,43000000,28.613892,97.0,4.8,575,2,2005,0,0,0,1,0,0,0,0,0,0
Sin City: A Dame to Kill For,65000000,85.428395,102.0,6.3,1286,2,2014,0,0,1,0,0,0,1,0,0,0
Random Hearts,64000000,4.137237,133.0,5.3,63,2,1999,1,0,0,0,1,0,0,0,0,0
Everest,55000000,60.24697800000001,121.0,6.7,1772,2,2015,1,0,0,0,0,1,0,0,0,0
Perfume: The Story of a Murderer,50000000,42.551902,147.0,7.1,1165,3,2006,1,0,0,0,0,0,1,0,0,0
Austin Powers in Goldmember,63000000,40.137264,94.0,5.9,979,4,2002,0,1,0,0,0,0,1,1,1,0
Astro Boy,65000000,24.857079,94.0,6.1,409,5,2009,0,0,0,1,0,0,0,1,1,0
Jurassic Park,63000000,40.413191,127.0,7.6,4856,3,1993,0,0,0,0,0,1,0,1,1,0
Wyatt Earp,63000000,13.859307,191.0,6.5,202,3,1994,1,0,0,1,0,0,0,0,0,0
Clear and Present Danger,62000000,18.832471,141.0,6.4,386,3,1994,1,0,1,1,0,0,0,0,0,0
Dragon Blade,65000000,9.568884,127.0,5.9,145,3,2015,1,0,0,1,0,1,0,0,0,0
Little Man,64000000,12.421504,98.0,5.3,261,2,2006,0,1,0,0,0,0,1,0,0,0
U-571,62000000,18.096884,116.0,6.1,340,4,2000,1,0,1,1,0,0,0,0,0,0
The American President,62000000,11.056763,106.0,6.5,195,3,1995,1,1,0,0,1,0,0,0,0,0
The Love Guru,62000000,13.218008,87.0,4.3,242,2,2008,0,1,0,0,1,0,0,0,0,0
3000 Miles to Graceland,62000000,11.262655,125.0,5.8,178,5,2001,0,1,1,1,0,1,1,0,0,0
The Hateful Eight,44000000,68.717016,167.0,7.6,4274,4,2015,1,0,0,0,0,0,1,0,0,0
Hop,63000000,16.791058,95.0,5.5,331,3,2011,0,1,0,0,0,0,0,0,0,0
300,65000000,65.197968,117.0,7.0,4997,3,2006,0,0,0,1,0,1,0,0,0,0
Meet the Fockers,80000000,32.829538,115.0,6.1,1373,2,2004,0,1,0,0,1,0,0,0,0,0
Marley & Me,60000000,30.951203000000003,115.0,6.9,1343,2,2008,0,1,0,0,0,0,0,0,0,0
The Green Mile,60000000,103.698022,189.0,8.2,4048,3,1999,1,0,0,0,0,0,1,0,0,0
Chicken Little,150000000,47.973995,81.0,5.6,944,3,2005,0,1,0,0,0,0,0,0,0,0
Gone Girl,61000000,143.041543,145.0,7.9,5862,3,2014,1,0,1,0,0,0,0,0,0,0
The Bourne Identity,60000000,86.47681700000004,119.0,7.3,3583,4,2002,1,0,1,1,0,0,0,0,0,0
GoldenEye,58000000,59.824565,130.0,6.6,1174,3,1995,0,0,1,1,0,1,0,0,0,0
The General's Daughter,60000000,18.345613,116.0,6.1,205,4,1999,1,0,1,0,0,0,1,0,0,0
The Truman Show,60000000,56.488027,103.0,7.8,4537,2,1998,1,1,0,0,0,0,0,0,0,0
The Prince of Egypt,70000000,29.464852,99.0,6.8,817,5,1998,1,0,0,0,0,1,0,0,0,0
Daddy Day Care,60000000,18.106021,92.0,5.6,506,2,2003,0,1,0,0,0,0,0,0,0,0
2 Guns,61000000,42.881415,109.0,6.6,1589,3,2013,0,1,0,1,0,0,1,0,0,0
Cats & Dogs,60000000,18.735024,87.0,5.0,352,2,2001,0,1,0,0,0,0,0,0,0,0
The Italian Job,60000000,62.766854,110.0,6.6,1919,2,2003,0,0,0,1,0,0,1,0,0,0
Two Weeks Notice,60000000,24.153567,101.0,5.9,487,2,2002,0,1,0,0,1,0,0,0,0,0
Antz,60000000,41.51570200000001,83.0,6.0,1272,4,1998,0,1,0,0,0,1,0,0,0,0
Couples Retreat,70000000,26.676487,113.0,5.3,588,2,2009,0,1,0,0,1,0,0,0,0,0
Days of Thunder,60000000,16.278022,107.0,5.9,353,1,1990,0,0,0,0,0,1,0,0,0,0
Cheaper by the Dozen 2,60000000,18.831023,94.0,5.7,526,1,2005,0,1,0,0,0,0,0,0,0,0
Maze Runner: The Scorch Trials,61000000,113.161483,132.0,6.4,3040,1,2015,0,0,0,1,0,0,0,0,0,0
Eat Pray Love,60000000,28.800112,133.0,5.8,636,1,2010,1,0,0,0,0,0,0,0,0,0
RED,58000000,41.430245,111.0,6.6,2808,5,2010,0,1,1,1,0,1,1,0,0,0
Any Given Sunday,55000000,23.127561,163.0,6.8,422,1,1999,1,0,0,0,0,0,0,0,0,0
The Horse Whisperer,60000000,12.867352,170.0,6.7,292,2,1998,1,0,0,0,1,0,0,0,0,0
Collateral,65000000,44.815022,120.0,7.0,1451,3,2004,1,0,1,0,0,0,1,0,0,0
The Scorpion King,60000000,37.537093,92.0,5.3,779,3,2002,0,0,0,1,0,1,0,0,0,0
Ladder 49,60000000,10.99991,115.0,6.2,207,3,2004,1,0,1,1,0,0,0,0,0,0
Jack Reacher,60000000,56.868399,130.0,6.3,2998,3,2012,1,0,1,0,0,0,1,0,0,0
Deep Blue Sea,60000000,22.991269,105.0,5.6,604,4,1999,0,0,1,1,0,0,0,1,1,0
Contagion,60000000,38.820858,106.0,6.2,1325,4,2011,1,0,1,0,0,0,0,1,1,0
Coraline,60000000,51.146047,100.0,7.3,1386,2,2009,0,0,0,0,0,0,0,0,0,0
The Happening,60000000,20.501582,91.0,4.9,950,3,2008,0,0,1,0,0,0,0,1,1,0
Man on Fire,70000000,45.299089,146.0,7.3,1553,4,2004,1,0,1,1,0,0,1,0,0,0
The Shaggy Dog,50000000,4.2806190000000015,98.0,4.5,137,2,2006,0,1,0,0,0,0,0,0,0,0
Starsky & Hutch,60000000,28.848842,101.0,5.6,644,2,2004,0,1,0,0,0,0,1,0,0,0
Jingle All the Way,60000000,22.501041,89.0,5.5,575,2,1996,0,1,0,0,0,0,0,0,0,0
Hellboy,66000000,47.479755,122.0,6.5,2225,4,2004,0,0,0,1,0,0,0,1,1,0
A Civil Action,70000000,10.147321,115.0,6.1,109,1,1998,1,0,0,0,0,0,0,0,0,0
ParaNorman,60000000,39.539045,90.0,6.7,789,4,2012,0,1,0,0,0,1,0,0,0,0
The Jackal,60000000,19.747459,124.0,6.1,527,4,1997,0,0,1,1,0,1,1,0,0,0
Paycheck,60000000,29.018826,119.0,5.9,581,6,2003,0,0,1,1,0,1,0,1,1,0
The Tale of Despereaux,60000000,16.493576,93.0,5.8,258,3,2008,0,0,0,0,0,1,0,0,0,0
Under Siege 2: Dark Territory,60000000,13.080725,100.0,5.6,210,2,1995,0,0,1,1,0,0,0,0,0,0
Jack Ryan: Shadow Recruit,60000000,42.538258,105.0,5.9,1173,3,2014,1,0,1,1,0,0,0,0,0,0
Joy,60000000,29.876507,124.0,6.4,1581,2,2015,1,1,0,0,0,0,0,0,0,0
London Has Fallen,60000000,61.849521,99.0,5.8,1621,3,2016,0,0,1,1,0,0,1,0,0,0
Alien: Resurrection,70000000,37.44963,109.0,5.9,1365,4,1997,0,0,0,1,0,0,0,1,1,1
Shooter,61000000,37.378081,124.0,6.9,1462,5,2007,1,0,1,1,0,0,1,0,0,0
The Boxtrolls,60000000,30.656345,97.0,6.6,668,4,2014,0,1,0,0,0,0,0,0,0,0
Practical Magic,75000000,15.142701,104.0,6.3,338,3,1998,1,1,0,0,0,0,0,0,0,0
The Lego Movie,60000000,59.54792800000001,100.0,7.5,3070,5,2014,0,1,0,0,0,1,0,0,0,0
Reign of Fire,60000000,27.61510800000001,101.0,6.0,669,3,2002,0,0,0,1,0,1,0,0,0,0
Gangster Squad,60000000,29.041198,113.0,6.2,1778,4,2013,1,0,1,1,0,0,1,0,0,0
Year One,60000000,25.293538,97.0,4.6,524,2,2009,0,1,0,0,0,1,0,0,0,0
Invictus,60000000,23.85119,134.0,7.0,1125,2,2009,1,0,0,0,0,0,0,0,0,0
State of Play,60000000,21.685719,127.0,6.7,484,1,2009,0,0,0,1,0,0,0,0,0,0
Duplicity,78146652,13.630049,125.0,5.7,201,3,2009,0,1,0,0,1,0,1,0,0,0
My Favorite Martian,65000000,6.80692,94.0,5.1,80,5,1999,1,1,0,0,0,0,0,1,1,0
The Sentinel,60000000,15.352807,108.0,5.8,225,3,2006,0,0,1,1,0,0,1,0,0,0
Planet 51,70000000,23.661071,91.0,5.6,556,6,2009,0,1,0,0,0,1,0,1,1,0
Star Trek: Nemesis,60000000,21.605533,117.0,6.1,479,5,2002,0,0,1,1,0,1,0,1,1,0
Intolerable Cruelty,60000000,22.620125,100.0,5.8,391,3,2003,0,1,0,0,1,0,1,0,0,0
Edge of Darkness,80000000,24.657931,117.0,6.2,487,4,2010,1,0,1,0,0,0,1,0,0,0
The Relic,60000000,12.621769,110.0,5.8,130,3,1997,0,0,1,0,0,0,0,0,0,1
Analyze That,60000000,21.08952,96.0,5.7,380,2,2002,0,1,0,0,0,0,1,0,0,0
Righteous Kill,60000000,18.380176,101.0,5.9,375,4,2008,1,0,1,1,0,0,1,0,0,0
The Soloist,60000000,17.299332999999994,109.0,6.6,234,1,2009,1,0,0,0,0,0,0,0,0,0
The Legend of Bagger Vance,80000000,16.848899,126.0,6.3,251,2,2000,1,0,0,0,0,0,0,0,0,0
Almost Famous,60000000,21.547446,122.0,7.4,797,2,2000,1,0,0,0,0,0,0,0,0,0
xXx: State of the Union,60000000,36.689223,101.0,4.7,549,5,2005,1,0,0,1,0,1,1,0,0,0
Priest,60000000,28.350927,87.0,5.4,692,6,2011,0,0,1,1,0,0,0,1,1,1
Sinbad: Legend of the Seven Seas,60000000,18.815442,86.0,6.6,372,3,2003,0,0,0,0,0,1,0,0,0,0
Event Horizon,60000000,29.787135,96.0,6.5,742,4,1997,0,0,0,0,0,0,0,1,1,1
Dragonfly,60000000,8.927137,104.0,6.1,204,1,2002,1,0,0,0,0,0,0,0,0,0
The Black Dahlia,50000000,15.213484,121.0,5.7,287,1,2006,1,0,0,0,0,0,0,0,0,0
Flyboys,60000000,13.155999,140.0,6.3,271,5,2006,1,0,0,1,1,1,0,0,0,0
The Last Castle,72000000,15.433244,131.0,7.0,285,3,2001,1,0,1,1,0,0,0,0,0,0
Supernova,90000000,5.762037,91.0,4.9,109,4,2000,0,0,1,0,0,0,0,1,1,1
Winter's Tale,60000000,22.736038,118.0,6.0,487,4,2014,1,0,0,0,1,0,0,0,0,0
The Mortal Instruments: City of Bones,60000000,45.514031,130.0,6.2,1602,5,2013,1,0,0,1,1,1,0,0,0,0
Meet Dave,60000000,18.676291,90.0,5.0,371,5,2008,0,1,0,0,0,1,0,1,1,0
Dark Water,30000000,14.376463,105.0,5.3,274,3,2005,1,0,1,0,0,0,0,0,0,1
Inkheart,60000000,27.018886,106.0,6.0,592,3,2008,0,0,0,0,0,1,0,0,0,0
The Spirit,60000000,14.84856,103.0,4.7,320,6,2008,0,1,1,1,0,0,1,1,1,0
Mortdecai,60000000,52.417529,106.0,5.4,1055,2,2015,0,1,0,0,0,1,0,0,0,0
The Monkey King 2,68490000,4.7262900000000005,120.0,6.0,24,3,2016,0,0,0,1,0,1,0,0,0,0
The Great Raid,80000000,8.923214999999997,132.0,6.8,91,3,2005,0,0,0,1,0,0,0,0,0,0
Deadpool,58000000,514.5699559999998,108.0,7.4,10995,3,2016,0,1,0,1,0,1,0,0,0,0
American Sniper,58800000,87.53437,133.0,7.4,4469,2,2014,0,0,0,1,0,0,0,0,0,0
Goosebumps,58000000,45.351617,103.0,6.2,995,3,2015,0,1,0,0,0,1,0,0,0,1
Just Like Heaven,58000000,13.43573,95.0,6.5,579,3,2005,0,1,0,0,1,0,0,0,0,0
The Flintstones in Viva Rock Vegas,83000000,6.248309,90.0,4.4,134,5,2000,0,1,0,0,1,0,0,1,1,0
Rambo III,63000000,31.294717,102.0,5.7,690,4,1988,0,0,1,1,0,1,0,0,0,0
Leatherheads,58000000,7.7392759999999985,114.0,5.7,130,3,2008,1,1,0,0,1,0,0,0,0,0
Did You Hear About the Morgans?,58000000,14.403696,103.0,5.1,276,1,2009,0,1,0,0,0,0,0,0,0,0
The Internship,58000000,1.551497,119.0,6.1,1658,1,2013,0,1,0,0,0,0,0,0,0,0
Resident Evil: Afterlife,60000000,2.143764,97.0,5.8,1363,5,2010,0,0,0,1,0,1,0,1,1,1
Red Tails,58000000,12.29603,125.0,5.9,178,5,2012,1,0,0,1,0,1,0,0,0,0
The Devil's Advocate,57000000,33.8473,144.0,7.2,1374,4,1997,1,0,1,0,0,0,0,0,0,1
That's My Boy,70000000,21.723897,116.0,5.5,453,1,2012,0,1,0,0,0,0,0,0,0,0
DragonHeart,57000000,31.791979,103.0,6.4,535,1,1996,0,0,0,0,0,0,0,0,0,0
After the Sunset,60000000,14.113066,97.0,6.0,226,4,2004,1,1,0,1,0,0,1,0,0,0
Ghost Rider: Spirit of Vengeance,57000000,48.622278,95.0,4.7,1135,3,2011,0,0,1,1,0,0,0,0,0,0
Captain Corelli's Mandolin,57000000,9.061866,131.0,5.5,145,3,2001,1,0,0,0,1,0,0,0,0,0
The Pacifier,56000000,35.4763,95.0,5.8,842,5,2005,1,1,1,1,0,0,0,0,0,0
Walking Tall,56000000,23.438398,86.0,6.0,381,4,2004,1,0,1,1,0,1,0,0,0,0
Forrest Gump,55000000,138.133331,142.0,8.2,7927,3,1994,1,1,0,0,1,0,0,0,0,0
Alvin and the Chipmunks,60000000,47.33603400000001,92.0,5.5,1177,5,2007,0,1,0,0,0,0,0,0,0,0
Meet the Parents,55000000,29.97224000000001,108.0,6.6,1698,2,2000,0,1,0,0,1,0,0,0,0,0
Pocahontas,55000000,47.845589,81.0,6.7,1457,4,1995,1,0,0,0,0,1,0,0,0,0
Superman,55000000,48.507081,143.0,6.9,1022,5,1978,0,0,0,1,0,1,0,1,1,0
The Nutty Professor,54000000,20.28119,95.0,5.4,702,5,1996,0,1,0,0,1,0,0,1,1,0
Hitch,70000000,34.576913,118.0,6.4,1665,3,2005,1,1,0,0,1,0,0,0,0,0
American Wedding,55000000,36.194802,103.0,6.0,1129,2,2003,0,1,0,0,1,0,0,0,0,0
Captain Phillips,55000000,52.786917,134.0,7.6,2454,3,2013,1,0,1,1,0,0,0,0,0,0
Date Night,55000000,38.06168,97.0,5.9,1122,1,2010,0,1,0,0,0,0,0,0,0,0
Casper,50000000,19.830132,100.0,6.0,1019,3,1995,0,1,0,0,0,0,0,0,0,0
The Equalizer,55000000,79.92205899999998,132.0,7.1,2954,3,2014,0,0,1,1,0,0,1,0,0,0
Maid in Manhattan,55000000,19.738215,105.0,5.6,485,3,2002,1,1,0,0,1,0,0,0,0,0
Crimson Tide,53000000,20.334629,116.0,7.0,498,3,1995,1,0,1,1,0,0,0,0,0,0
The Pursuit of Happyness,55000000,80.581367,117.0,7.7,2525,1,2006,1,0,0,0,0,0,0,0,0,0
Flightplan,55000000,32.05145,98.0,6.1,772,3,2005,1,0,1,0,0,0,0,0,0,0
Disclosure,55000000,15.064058,123.0,5.9,210,5,1994,1,0,1,0,1,0,1,0,0,0
City of Angels,55000000,21.272734,114.0,6.4,529,3,1998,1,0,0,0,1,0,0,0,0,0
Kill Bill: Vol. 1,30000000,79.75496600000002,111.0,7.7,4949,2,2003,0,0,0,1,0,0,1,0,0,0
Kill Bill: Vol. 2,30000000,50.622607,136.0,7.6,3948,3,2004,0,0,1,1,0,0,1,0,0,0
Tango & Cash,55000000,22.78766700000001,104.0,6.1,458,3,1989,0,1,0,1,0,1,0,0,0,0
Death Becomes Her,55000000,29.498304,104.0,6.3,636,2,1992,0,1,0,0,0,0,0,0,0,0
Shanghai Noon,55000000,25.400935,110.0,6.2,735,4,2000,0,1,0,1,0,1,0,0,0,0
Executive Decision,55000000,17.231675,133.0,5.8,256,4,1996,1,0,1,1,0,1,0,0,0,0
Mr. Popper's Penguins,55000000,32.835777,94.0,5.7,751,2,2011,0,1,0,0,0,0,0,0,0,0
The Forbidden Kingdom,55000000,17.097041,104.0,6.3,461,3,2008,0,0,0,1,0,1,0,0,0,0
Free Birds,55000000,14.414937,91.0,5.7,254,3,2013,0,1,0,0,0,0,0,0,0,0
Alien³,50000000,45.856409,114.0,6.2,1633,4,1992,0,0,0,1,0,0,0,1,1,1
Evita,55000000,7.027139,134.0,5.9,120,3,1996,1,0,0,0,0,0,0,0,0,0
Ronin,55000000,32.657488,122.0,6.7,658,4,1998,0,0,1,1,0,1,1,0,0,0
The Ghost and the Darkness,50000000,12.46525,109.0,6.4,236,1,1996,0,0,0,0,0,1,0,0,0,0
Paddington,55000000,39.882276,95.0,7.0,883,2,2014,0,1,0,0,0,0,0,0,0,0
The Watch,68000000,39.395881,98.0,5.3,881,1,2012,0,1,0,0,0,0,0,0,0,0
The Hunted,55000000,8.634953999999999,94.0,6.0,189,4,2003,1,0,1,1,0,0,1,0,0,0
Stuck on You,55000000,8.802525,118.0,5.1,188,1,2003,0,1,0,0,0,0,0,0,0,0
The Pirates! In an Adventure with Scientists!,60000000,23.700759,88.0,6.4,374,4,2012,0,1,0,0,0,1,0,0,0,0
Changeling,55000000,27.50916,141.0,7.3,1131,3,2008,1,0,0,0,0,0,1,0,0,0
Chain Reaction,50000000,20.58862,107.0,5.3,284,5,1996,1,0,1,1,0,0,0,1,1,0
The Fan,55000000,4.366488,116.0,5.7,194,3,1996,1,0,1,0,0,0,0,0,0,0
The Phantom of the Opera,70000000,18.927463,143.0,7.0,438,3,2004,1,0,1,0,1,0,0,0,0,0
Elizabeth: The Golden Age,55000000,15.274137,114.0,6.6,303,3,2007,1,0,0,0,1,0,0,0,0,0
Æon Flux,62000000,29.954302,93.0,5.4,703,3,2005,0,0,0,1,0,0,0,1,1,0
Gods and Generals,56000000,4.362535,214.0,6.1,48,3,2003,1,0,0,0,0,0,0,0,0,0
Turbulence,55000000,4.700024,100.0,5.2,62,3,1997,0,0,1,1,0,0,1,0,0,0
Muppets Most Wanted,50000000,14.808304,112.0,6.2,316,4,2014,0,1,0,0,0,1,1,0,0,0
Thunderbirds,57000000,9.27875,95.0,4.2,91,5,2004,0,1,0,1,0,1,0,0,0,0
Burlesque,55000000,22.863516,119.0,6.9,573,2,2010,1,0,0,0,1,0,0,0,0,0
Lolita,2000000,23.962109,153.0,7.3,395,2,1962,1,0,0,0,1,0,0,0,0,0
D-Tox,55000000,12.669778,96.0,5.3,123,2,2002,0,0,1,1,0,0,0,0,0,0
Blade II,54000000,67.16958699999999,117.0,6.2,1528,4,2002,0,0,1,1,0,0,0,0,0,1
Seven Pounds,55000000,41.472404,123.0,7.5,2039,1,2008,1,0,0,0,0,0,0,0,0,0
Bullet to the Head,55000000,22.503935,92.0,5.2,481,3,2013,0,0,1,1,0,0,1,0,0,0
The Godfather: Part III,54000000,59.194915,162.0,7.1,1546,3,1990,1,0,1,0,0,0,1,0,0,0
Elizabethtown,57000000,22.894898,123.0,6.1,327,3,2005,1,1,0,0,1,0,0,0,0,0
"You, Me and Dupree",54000000,18.600367,108.0,5.4,407,2,2006,0,1,0,0,1,0,0,0,0,0
Superman II,54000000,30.515175,127.0,6.5,629,5,1980,0,0,0,1,0,1,0,1,1,0
Gigli,54000000,9.053456,121.0,3.5,104,1,2003,1,0,0,0,0,0,0,0,0,0
All the King's Men,55000000,7.768223,125.0,5.7,95,2,2006,1,0,1,0,0,0,0,0,0,0
Shaft,46000000,19.643365,99.0,5.5,308,4,2000,0,0,1,1,0,1,1,0,0,0
Anastasia,53000000,45.565918,94.0,7.4,1432,2,1997,0,0,0,0,0,0,0,0,0,0
Moulin Rouge!,52500000,57.374341,127.0,7.4,1300,3,2001,1,0,0,0,1,0,0,0,0,0
Domestic Disturbance,75000000,8.418560000000001,89.0,5.4,113,3,2001,0,0,1,0,0,0,1,0,0,0
Black Mass,53000000,46.049902,122.0,6.3,1242,2,2015,1,0,0,0,0,0,1,0,0,0
Flags of Our Fathers,90000000,23.9366,132.0,6.7,526,3,2006,1,0,0,0,0,0,0,0,0,0
Law Abiding Citizen,53000000,49.593978,109.0,7.2,1486,3,2009,1,0,1,0,0,0,1,0,0,0
Grindhouse,67000000,16.637642,191.0,6.8,459,3,2007,0,0,1,1,0,0,0,0,0,1
Catch Me If You Can,52000000,73.94404899999998,141.0,7.7,3795,2,2002,1,0,0,0,0,0,1,0,0,0
Zero Dark Thirty,40000000,38.306954,157.0,6.7,1702,3,2012,1,0,1,0,0,0,0,0,0,0
The Break-Up,52000000,26.251217,106.0,5.6,832,2,2006,0,1,0,0,1,0,0,0,0,0
Mamma Mia!,52000000,30.780599,108.0,6.4,1386,2,2008,0,1,0,0,1,0,0,0,0,0
Valentine's Day,52000000,25.41929,125.0,5.7,1013,2,2010,0,1,0,0,1,0,0,0,0,0
The Dukes of Hazzard,50000000,15.982120000000002,104.0,5.1,316,3,2005,0,1,0,1,0,1,0,0,0,0
The Thin Red Line,52000000,40.072583,170.0,7.2,771,3,1998,1,0,0,0,0,0,0,0,0,0
The Change-Up,52000000,32.015477000000004,112.0,5.9,736,1,2011,0,1,0,0,0,0,0,0,0,0
Man on the Moon,82000000,24.444186,118.0,6.9,435,3,1999,1,1,0,0,1,0,0,0,0,0
Casino,52000000,40.06688,178.0,7.8,1307,2,1995,1,0,0,0,0,0,1,0,0,0
From Paris with Love,52000000,27.916284,92.0,6.1,675,3,2010,0,0,1,1,0,0,1,0,0,0
"Me, Myself & Irene",51000000,39.001682,116.0,6.1,927,1,2000,0,1,0,0,0,0,0,0,0,0
Barnyard,51000000,10.430832,90.0,5.3,225,3,2006,0,1,0,0,0,0,0,0,0,0
The Twilight Saga: New Moon,50000000,94.815867,130.0,5.6,2436,4,2009,1,0,0,0,1,1,0,0,0,0
Shrek,60000000,67.298732,90.0,7.3,4056,5,2001,0,1,0,0,0,1,0,0,0,0
The Adjustment Bureau,50200000,26.60772,106.0,6.5,1652,4,2011,0,0,1,0,1,0,0,1,1,0
Robin Hood: Prince of Thieves,48000000,28.803729,143.0,6.6,909,1,1991,0,0,0,0,0,1,0,0,0,0
Jerry Maguire,50000000,27.039636,139.0,6.7,913,3,1996,1,1,0,0,1,0,0,0,0,0
Ted,50000000,68.87691,106.0,6.3,4697,2,2012,0,1,0,0,0,0,0,0,0,0
As Good as It Gets,50000000,37.885022,139.0,7.2,915,2,1997,0,1,0,0,1,0,0,0,0,0
Patch Adams,50000000,35.537397,115.0,7.0,832,2,1998,1,1,0,0,0,0,0,0,0,0
Anchorman 2: The Legend Continues,50000000,38.125008,119.0,6.0,923,1,2013,0,1,0,0,0,0,0,0,0,0
Mr. Deeds,50000000,18.121404,96.0,5.6,644,2,2002,0,1,0,0,1,0,0,0,0,0
Super 8,50000000,37.069253,112.0,6.6,2435,4,2011,0,0,1,0,0,0,0,1,1,0
Erin Brockovich,52000000,30.347332,131.0,7.1,716,1,2000,1,0,0,0,0,0,0,0,0,0
How to Lose a Guy in 10 Days,50000000,23.854701,116.0,6.3,850,2,2003,0,1,0,0,1,0,0,0,0,0
22 Jump Street,50000000,52.380982,112.0,7.0,3319,3,2014,0,1,0,1,0,0,1,0,0,0
Interview with the Vampire,60000000,50.163785,123.0,7.2,1516,2,1994,0,0,0,0,1,0,0,0,0,1
Yes Man,70000000,43.849351,104.0,6.4,1813,1,2008,0,1,0,0,0,0,0,0,0,0
Central Intelligence,50000000,45.318703,107.0,6.2,1650,2,2016,0,1,0,1,0,0,0,0,0,0
Daddy's Home,50000000,38.616744,96.0,5.8,854,1,2015,0,1,0,0,0,0,0,0,0,0
Into the Woods,50000000,65.90160999999999,125.0,5.6,1652,3,2014,0,1,0,0,0,0,0,0,0,0
Inside Man,45000000,45.220386,129.0,7.3,1630,3,2006,1,0,1,0,0,0,1,0,0,0
Payback,90000000,17.457947,100.0,6.7,548,4,1999,1,0,1,1,0,0,1,0,0,0
Congo,50000000,10.755847,109.0,5.0,213,6,1995,1,0,0,1,0,1,0,1,1,0
We Bought a Zoo,50000000,38.629763,124.0,6.5,909,3,2011,1,1,0,0,0,0,0,0,0,0
Knowing,50000000,32.693093,121.0,5.9,1486,6,2009,1,0,0,1,0,1,0,1,1,0
Failure to Launch,50000000,18.806031,97.0,5.5,399,1,2006,0,1,0,0,0,0,0,0,0,0
The Ring Two,50000000,32.233713,110.0,5.4,632,3,2005,1,0,1,0,0,0,0,0,0,1
"Crazy, Stupid, Love.",50000000,37.990705,118.0,7.0,2443,3,2011,1,1,0,0,1,0,0,0,0,0
Garfield,50000000,17.667826,80.0,5.2,820,3,2004,0,1,0,0,0,0,0,0,0,0
Moneyball,50000000,46.180421,133.0,7.0,1381,1,2011,1,0,0,0,0,0,0,0,0,0
Outbreak,50000000,30.397496000000004,127.0,6.3,513,5,1995,1,0,1,1,0,0,0,1,1,0
Non-Stop,50000000,83.295796,106.0,6.8,2268,3,2014,0,0,1,1,0,0,0,0,0,0
Race to Witch Mountain,50000000,23.935053,98.0,5.5,509,6,2009,0,0,1,0,0,1,0,1,1,0
V for Vendetta,54000000,84.630969,132.0,7.7,4442,3,2006,0,0,1,1,0,0,0,0,0,0
Shanghai Knights,50000000,16.251204,115.0,6.0,692,4,2003,0,1,0,1,0,1,0,0,0,0
Curious George,50000000,9.894346,86.0,6.2,106,4,2006,0,1,0,0,0,1,0,0,0,0
Herbie Fully Loaded,50000000,12.050755,101.0,5.1,542,5,2005,0,1,0,0,1,1,0,0,0,0
Don't Say a Word,50000000,11.596207,113.0,6.0,220,1,2001,0,0,1,0,0,0,0,0,0,0
Hansel & Gretel: Witch Hunters,50000000,53.02786999999999,88.0,5.7,3239,3,2013,0,0,0,1,0,0,0,0,0,1
Unfaithful,50000000,14.382253,124.0,6.3,276,2,2002,1,0,1,0,0,0,0,0,0,0
I Am Number Four,50000000,43.450266,109.0,5.9,1567,5,2011,0,0,1,1,0,1,0,1,1,0
Syriana,50000000,16.871194,128.0,6.3,451,2,2005,1,0,1,0,0,0,0,0,0,0
13 Hours: The Secret Soldiers of Benghazi,50000000,42.526529,144.0,7.0,938,5,2016,1,0,1,1,0,0,0,0,0,0
The Book of Life,50000000,34.890999,95.0,7.3,755,5,2014,0,1,0,0,1,1,0,0,0,0
Firewall,45000000,18.186026,105.0,5.6,267,1,2006,0,0,1,0,0,0,0,0,0,0
Absolute Power,50000000,13.576765,121.0,6.4,223,3,1997,1,0,1,0,0,0,1,0,0,0
G.I. Jane,50000000,19.434672,125.0,6.0,395,2,1997,1,0,0,1,0,0,0,0,0,0
The Game,50000000,62.925175,129.0,7.5,1506,3,1997,1,0,1,0,0,0,0,0,0,0
Silent Hill,50000000,32.927994,125.0,6.3,1067,2,2006,0,0,0,0,0,0,0,0,0,1
American Reunion,50000000,39.920035,113.0,6.1,1611,1,2012,0,1,0,0,0,0,0,0,0,0
The Negotiator,50000000,28.725621000000004,140.0,6.8,582,5,1998,1,0,0,1,0,1,1,0,0,0
Into the Storm,50000000,20.566554,89.0,5.8,817,2,2014,0,0,1,1,0,0,0,0,0,0
Beverly Hills Cop III,50000000,20.333953,104.0,5.5,434,3,1994,0,1,0,1,0,0,1,0,0,0
Gremlins 2: The New Batch,50000000,33.98637,106.0,6.2,652,3,1990,0,1,0,0,0,0,0,0,0,1
The Judge,50000000,42.472324,141.0,7.2,1417,1,2014,1,0,0,0,0,0,0,0,0,0
Resident Evil: Apocalypse,45000000,29.880122,94.0,6.1,1267,4,2004,0,0,0,1,0,0,0,1,1,1
Bridget Jones: The Edge of Reason,50000000,28.803802,108.0,6.1,750,2,2004,0,1,0,0,1,0,0,0,0,0
Out of Time,50000000,14.993459,105.0,6.1,298,3,2003,1,0,1,0,0,0,1,0,0,0
On Deadly Ground,50000000,9.114168,102.0,4.5,104,2,1994,0,0,1,1,0,0,0,0,0,0
The Adventures of Sharkboy and Lavagirl,50000000,12.31101,92.0,4.4,269,4,2005,0,0,0,0,0,1,0,1,1,0
The Beach,40000000,41.362082,119.0,6.3,1233,4,2000,1,0,1,0,1,1,0,0,0,0
Raising Helen,50000000,13.298205,119.0,5.9,189,3,2004,1,1,0,0,1,0,0,0,0,0
Ninja Assassin,40000000,19.085403,99.0,6.2,371,3,2009,0,0,1,1,0,0,1,0,0,0
Striptease,50000000,11.106006,115.0,4.4,205,3,1996,1,0,1,0,0,0,1,0,0,0
Marmaduke,50000000,12.25622,87.0,5.0,149,2,2010,0,1,0,0,0,0,0,0,0,0
Hereafter,50000000,13.365715,129.0,5.8,510,2,2010,1,0,0,0,0,0,0,0,0,0
Murder by Numbers,50000000,16.167092999999998,120.0,6.0,268,3,2002,1,0,1,0,0,0,1,0,0,0
Assassins,50000000,23.073933,132.0,6.0,387,4,1995,0,0,1,1,0,1,1,0,0,0
Hannibal Rising,50000000,6.567065,121.0,6.0,654,3,2007,1,0,1,0,0,0,1,0,0,0
The Story of Us,50000000,6.22577,95.0,5.9,75,3,1999,1,1,0,0,1,0,0,0,0,0
The Host,44000000,42.933027,125.0,6.0,1817,6,2013,0,0,1,1,1,1,0,1,1,0
Basic,50000000,19.226763,98.0,6.2,286,5,2003,1,0,1,1,0,0,1,0,0,0
Blood Work,50000000,10.089065,110.0,6.1,206,4,2002,1,0,1,0,0,0,1,0,0,0
The International,50000000,13.391832999999998,118.0,6.0,368,3,2009,1,0,1,0,0,0,1,0,0,0
Escape from L.A.,50000000,21.637234,97.0,5.6,373,5,1996,0,0,1,1,0,1,0,1,1,0
The Iron Giant,70000000,61.245957,86.0,7.6,1436,6,1999,0,0,0,0,0,1,0,1,1,0
The Life Aquatic with Steve Zissou,50000000,25.237969,119.0,7.1,775,3,2004,1,1,0,0,0,1,0,0,0,0
Free State of Jones,50000000,21.589393,139.0,6.6,428,5,2016,1,0,1,1,0,0,0,0,0,0
The Life of David Gale,50000000,22.442241,130.0,7.3,480,3,2003,1,0,1,0,0,0,1,0,0,0
Run All Night,50000000,74.64653,114.0,6.3,1148,5,2015,1,0,1,1,0,0,1,0,0,0
Eastern Promises,51500000,35.481169,100.0,7.2,848,3,2007,0,0,1,0,0,0,1,0,0,0
Into the Blue,50000000,14.723467,110.0,5.8,458,4,2005,0,0,1,1,0,1,1,0,0,0
The Messenger: The Story of Joan of Arc,60000000,21.08454200000001,148.0,6.2,367,5,1999,1,0,0,1,0,1,0,0,0,0
Your Highness,49900000,21.408222,102.0,5.2,501,1,2011,0,1,0,0,0,0,0,0,0,0
Dream House,50000000,19.267479,84.0,5.8,391,3,2011,1,0,1,0,0,0,0,0,0,0
Mad City,50000000,3.314004,114.0,5.9,81,3,1997,1,0,1,1,0,0,0,0,0,0
Baby's Day Out,50000000,21.312186,99.0,5.8,274,4,1994,0,1,0,1,0,1,0,0,0,0
The Scarlet Letter,50000000,7.44268,135.0,5.5,108,3,1995,1,0,0,0,1,0,0,0,0,0
Fair Game,22000000,12.54949,108.0,6.5,235,2,2010,1,0,1,0,0,0,0,0,0,0
Domino,50000000,18.394571,127.0,6.0,444,2,2005,0,0,0,1,0,0,1,0,0,0
Jade,50000000,8.189406,95.0,5.2,44,4,1995,0,0,1,1,1,0,0,0,0,0
Gamer,50000000,27.631262,95.0,5.6,760,4,2009,0,0,1,1,0,0,0,1,1,0
Beautiful Creatures,60000000,40.721373,124.0,5.6,984,3,2013,1,0,0,0,1,0,0,0,0,0
Zoolander 2,50000000,37.253774,100.0,4.7,797,1,2016,0,1,0,0,0,0,0,0,0,0
The Big Bounce,50000000,6.397387999999999,88.0,5.0,76,2,2004,0,1,0,0,0,0,1,0,0,0
Drive Angry,50000000,30.387148,105.0,5.3,600,4,2011,0,0,1,1,0,0,1,0,0,0
Street Fighter: The Legend of Chun-Li,50000000,8.139676,97.0,3.9,112,5,2009,0,0,1,1,0,1,0,1,1,0
The One,49000000,21.746245,87.0,5.7,437,4,2001,0,0,1,1,0,0,0,1,1,0
The Adventures of Ford Fairlane,49000000,2.808428,104.0,6.2,71,5,1990,0,1,1,1,0,0,1,0,0,0
The Boat That Rocked,50000000,31.02233,116.0,7.2,666,2,2009,1,1,0,0,0,0,0,0,0,0
Traffic,48000000,25.170217,147.0,6.9,562,3,2000,1,0,1,0,0,0,1,0,0,0
Indiana Jones and the Last Crusade,48000000,80.972475,127.0,7.6,3152,2,1989,0,0,0,1,0,1,0,0,0,0
Chappie,49000000,116.700319,120.0,6.6,3062,4,2015,0,0,0,1,0,0,1,1,1,0
The Bone Collector,73000000,33.884459,118.0,6.5,826,4,1999,1,0,1,0,0,0,1,0,0,0
Panic Room,48000000,53.043124,111.0,6.5,1267,3,2002,1,0,1,0,0,0,1,0,0,0
Three Kings,75000000,34.973086,114.0,6.6,692,3,1999,0,1,0,1,0,1,0,0,0,0
Child 44,50000000,40.371098,137.0,6.1,547,2,2015,0,0,1,0,0,0,1,0,0,0
Rat Race,48000000,18.60049,112.0,6.0,518,2,2001,0,1,0,0,0,1,0,0,0,0
K-PAX,48000000,30.920075,120.0,7.1,695,3,2001,1,0,0,0,0,0,0,1,1,0
Bedazzled,48000000,19.348007,93.0,5.6,512,3,2000,0,1,0,0,1,0,0,0,0,0
The Cotton Club,58000000,8.59075,127.0,6.6,68,4,1984,1,0,0,0,1,0,1,0,0,0
3:10 to Yuma,55000000,48.80108900000001,122.0,6.9,1188,1,2007,0,0,0,0,0,0,0,0,0,0
Taken 3,48000000,88.84477700000002,109.0,6.1,2200,2,2014,0,0,1,1,0,0,0,0,0,0
Out of Sight,48000000,16.000178,123.0,6.5,333,3,1998,0,1,0,0,1,0,1,0,0,0
The Cable Guy,47000000,19.525659,96.0,5.7,594,3,1996,1,1,1,0,0,0,0,0,0,0
Dick Tracy,47000000,7.859226,103.0,5.9,251,5,1990,0,1,1,1,0,1,1,0,0,0
The Thomas Crown Affair,48000000,18.102572,113.0,6.6,339,3,1999,1,0,0,0,1,0,1,0,0,0
Riding in Cars with Boys,48000000,7.226114999999999,132.0,6.5,103,3,2001,1,1,0,0,1,0,0,0,0,0
First Blood,15000000,63.071046,93.0,7.2,1488,4,1982,0,0,1,1,0,1,0,0,0,0
Happily N'Ever After,47000000,10.410933,75.0,4.6,104,6,2006,0,1,0,0,0,0,0,1,1,0
Mary Reilly,47000000,6.0672120000000005,104.0,5.7,74,4,1996,1,0,1,0,1,0,0,0,0,1
My Best Friend's Wedding,38000000,15.401855,105.0,6.3,584,2,1997,0,1,0,0,1,0,0,0,0,0
Insomnia,46000000,41.322708,118.0,6.8,1148,3,2002,0,0,1,0,0,0,1,0,0,0
Star Trek: First Contact,46000000,25.6713,111.0,7.0,661,5,1996,0,0,1,1,0,1,0,1,1,0
Jonah Hex,47000000,22.581313,80.0,4.4,420,5,2010,1,0,1,1,0,0,0,0,0,0
Courage Under Fire,46000000,12.971122,117.0,6.2,232,4,1996,1,0,1,0,0,0,0,0,0,0
Liar Liar,45000000,26.721386,86.0,6.4,1424,1,1997,0,1,0,0,0,0,0,0,0,0
The Infiltrator,25000000,24.672234,127.0,6.6,573,3,2016,1,0,1,0,0,0,1,0,0,0
Inchon,46000000,0.146783,140.0,6.5,2,3,1981,1,0,0,0,0,0,0,0,0,0
The Flintstones,46000000,28.964162,91.0,5.0,543,3,1994,0,1,0,0,0,0,0,0,0,0
Taken 2,45000000,49.353524,91.0,6.1,2757,3,2012,0,0,1,1,0,0,1,0,0,0
Scary Movie 3,48000000,36.585509,84.0,5.8,912,1,2003,0,1,0,0,0,0,0,0,0,0
Miss Congeniality,45000000,32.624355,111.0,6.1,961,3,2000,0,1,0,1,0,0,1,0,0,0
Journey to the Center of the Earth,45000000,53.090422,93.0,5.8,1309,6,2008,0,1,0,1,0,1,0,1,1,0
The Princess Diaries 2: Royal Engagement,40000000,30.002907,113.0,6.0,697,4,2004,1,1,0,0,1,0,0,0,0,0
The Pelican Brief,45000000,17.923254,141.0,6.3,371,4,1993,1,0,1,0,0,0,1,0,0,0
The Client,45000000,17.746719,119.0,6.4,278,4,1994,1,0,1,0,0,0,1,0,0,0
The Bucket List,45000000,31.305336,97.0,7.0,1111,2,2007,1,1,0,0,0,0,0,0,0,0
Patriot Games,45000000,19.637704,117.0,6.3,433,4,1992,1,0,1,1,0,0,1,0,0,0
Monster-in-Law,43000000,10.411996,101.0,5.6,406,2,2005,0,1,0,0,1,0,0,0,0,0
Prisoners,46000000,88.496873,153.0,7.9,3085,3,2013,1,0,1,0,0,0,1,0,0,0
Training Day,45000000,52.081131,122.0,7.3,1634,4,2001,1,0,1,1,0,0,1,0,0,0
Galaxy Quest,45000000,30.816341,102.0,6.9,710,4,1999,0,1,0,0,0,0,0,1,1,0
Scary Movie 2,45000000,35.37697100000001,83.0,5.4,982,1,2001,0,1,0,0,0,0,0,0,0,0
The Muppets,45000000,17.047276,103.0,6.5,501,3,2011,0,1,0,0,0,0,0,0,0,0
Blade,45000000,43.815492,120.0,6.5,1905,2,1998,0,0,0,1,0,0,0,0,0,1
Coach Carter,30000000,23.234651,136.0,7.3,496,1,2005,1,0,0,0,0,0,0,0,0,0
Changing Lanes,45000000,17.270539000000007,89.0,5.9,299,4,2002,0,0,1,1,0,1,1,0,0,0
Anaconda,45000000,27.684779,89.0,4.7,610,3,1997,0,0,1,0,0,1,0,0,0,1
Coyote Ugly,45000000,26.79781,100.0,5.8,575,1,2000,0,1,0,0,0,0,0,0,0,0
Love Actually,40000000,37.073127,135.0,7.0,1869,3,2003,1,1,0,0,1,0,0,0,0,0
A Bug's Life,120000000,87.350802,95.0,6.8,2303,4,1998,0,1,0,0,0,1,0,0,0,0
From Hell,35000000,26.134678,122.0,6.6,741,3,2001,0,0,1,0,0,0,0,0,0,1
The Specialist,45000000,16.582709,110.0,5.5,313,2,1994,0,0,1,1,0,0,0,0,0,0
Tin Cup,45000000,10.731574,135.0,5.9,150,3,1996,1,1,0,0,1,0,0,0,0,0
Kicking & Screaming,45000000,8.99269,95.0,5.6,176,3,2005,0,1,0,0,1,0,0,0,0,0
The Hitchhiker's Guide to the Galaxy,50000000,51.742065,109.0,6.6,1315,5,2005,0,1,0,0,0,1,0,1,1,0
Resident Evil: Extinction,45000000,12.06538,94.0,6.1,1292,4,2007,0,0,0,1,0,0,0,1,1,1
Blended,40000000,44.120328,117.0,6.6,1006,1,2014,0,1,0,0,0,0,0,0,0,0
Last Holiday,45000000,6.156015,112.0,6.4,119,3,2006,1,1,0,0,0,1,0,0,0,0
Savages,45000000,31.856589000000003,131.0,6.2,766,3,2012,1,0,1,0,0,0,1,0,0,0
Cellular,25000000,24.459948,94.0,6.1,537,4,2004,0,0,1,1,0,1,1,0,0,0
Johnny English,40000000,28.029015,88.0,6.0,852,3,2003,0,1,0,1,0,1,0,0,0,0
The Ant Bully,50000000,20.239061,88.0,5.5,366,5,2006,0,1,0,0,0,1,0,0,0,0
Dune,40000000,25.876582,137.0,6.5,562,4,1984,0,0,0,1,0,1,0,1,1,0
Revolutionary Road,35000000,20.360549,119.0,6.7,796,2,2008,1,0,0,0,1,0,0,0,0,0
16 Blocks,55000000,32.31022,105.0,6.2,661,4,2006,0,0,1,1,0,1,1,0,0,0
Babylon A.D.,70000000,27.568194,101.0,5.4,676,5,2008,0,0,1,1,0,1,0,1,1,0
Aliens in the Attic,45000000,13.707183,86.0,5.3,244,6,2009,0,1,0,0,0,1,0,1,1,0
The Pledge,35000000,12.495436,123.0,6.5,215,4,2001,1,0,1,0,0,0,1,0,0,0
The Producers,45000000,6.803965,134.0,6.1,151,2,2005,0,1,0,0,0,0,0,0,0,0
The Phantom,45000000,9.025236,100.0,4.7,136,2,1996,0,0,0,1,0,1,0,0,0,0
Nixon,44000000,3.770161,192.0,7.1,71,2,1995,1,0,0,0,0,0,0,0,0,0
The Ghost Writer,45000000,21.118196,128.0,6.7,670,2,2010,0,0,1,0,0,0,0,0,0,0
Deep Rising,45000000,6.513856,106.0,6.0,154,5,1998,0,0,0,1,0,1,0,1,1,1
Miracle at St. Anna,45000000,11.387408,160.0,6.3,90,2,2008,1,0,0,0,0,0,0,0,0,0
Bangkok Dangerous,45000000,14.813057,99.0,5.0,332,3,2008,0,0,1,1,0,0,1,0,0,0
Big Trouble,40000000,5.201688,85.0,6.3,80,3,2002,0,1,1,1,0,0,0,0,0,0
Love in the Time of Cholera,45000000,5.361699,139.0,6.4,81,2,2007,1,0,0,0,1,0,0,0,0,0
Shadow Conspiracy,45000000,3.848893,103.0,4.0,11,2,1997,0,0,1,1,0,0,0,0,0,0
Johnny English Reborn,45000000,35.6585,101.0,6.0,1007,5,2011,0,1,1,1,0,1,1,0,0,0
Foodfight!,65000000,5.258726,87.0,2.3,28,4,2012,0,1,0,1,0,0,0,0,0,0
Argo,44500000,62.01056,120.0,7.1,3423,2,2012,1,0,1,0,0,0,0,0,0,0
The Fugitive,44000000,54.884297,130.0,7.2,1220,5,1993,0,0,1,1,0,1,1,0,0,0
The Bounty Hunter,40000000,33.747825,110.0,5.5,858,1,2010,0,0,0,1,0,0,0,0,0,0
Sleepers,44000000,16.245068,147.0,7.3,715,3,1996,1,0,1,0,0,0,1,0,0,0
Rambo: First Blood Part II,44000000,38.653969,96.0,6.3,864,4,1985,0,0,1,1,0,1,0,0,0,0
Pinocchio,2600000,46.007991,88.0,6.9,1355,2,1940,0,0,0,0,0,0,0,0,0,0
Heaven's Gate,44000000,5.380124,219.0,6.4,55,4,1980,1,0,0,1,0,0,0,0,0,0
Underworld: Evolution,50000000,49.020045,106.0,6.4,1528,5,2006,0,0,1,1,0,0,0,1,1,0
Victor Frankenstein,40000000,24.821138,109.0,5.6,685,4,2015,1,0,1,0,0,0,0,1,1,0
Finding Forrester,43000000,19.043286,136.0,7.0,302,1,2000,1,0,0,0,0,0,0,0,0,0
Unleashed,45000000,25.999888,103.0,6.6,518,2,2005,0,0,0,1,0,0,1,0,0,0
The Sweetest Thing,43000000,18.65632,84.0,5.3,280,2,2002,0,1,0,0,1,0,0,0,0,0
The Firm,42000000,23.736535,154.0,6.6,501,3,1993,1,0,1,0,0,0,0,0,0,0
Charlie St. Cloud,44000000,21.75433,99.0,6.8,566,1,2010,1,0,0,0,0,0,0,0,0,0
The Mechanic,40000000,44.094856,93.0,6.3,1045,3,2011,0,0,1,1,0,0,1,0,0,0
21 Jump Street,42000000,62.714026,109.0,6.7,4074,3,2012,0,1,0,1,0,0,1,0,0,0
Notting Hill,42000000,28.969151,124.0,7.0,1262,3,1999,1,1,0,0,1,0,0,0,0,0
Chicken Run,45000000,31.789029,84.0,6.5,1150,3,2000,0,1,0,0,0,0,0,0,0,0
Along Came Polly,42000000,33.238296000000005,90.0,5.8,773,2,2004,0,1,0,0,1,0,0,0,0,0
Boomerang,40000000,6.4204339999999975,117.0,5.4,134,2,1992,0,1,0,0,1,0,0,0,0,0
The Heat,43000000,37.654688,117.0,6.5,1575,3,2013,0,1,0,1,0,0,1,0,0,0
Cleopatra,31115000,13.244365,248.0,6.7,146,3,1963,1,0,0,0,1,0,0,0,0,0
High Crimes,42000000,14.046705,115.0,6.1,184,4,2002,1,0,1,0,0,0,1,0,0,0
The Mothman Prophecies,32000000,14.733513,119.0,6.1,305,3,2002,1,0,0,0,0,0,0,0,0,1
Licence to Kill,32000000,28.221190000000004,133.0,5.9,541,3,1989,0,0,1,1,0,1,0,0,0,0
Red Riding Hood,42000000,45.151657,100.0,5.6,922,3,2011,0,0,1,0,0,0,0,0,0,1
15 Minutes,60000000,15.205371,120.0,5.7,191,3,2001,0,0,1,1,0,0,1,0,0,0
Super Mario Bros.,48000000,14.587367,104.0,4.0,232,4,1993,0,1,0,0,0,1,0,0,0,0
Lord of War,42000000,34.828241,122.0,7.0,1335,3,2005,1,0,1,0,0,0,1,0,0,0
Hero,31000000,23.607392,99.0,7.2,635,4,2002,1,0,0,1,0,1,0,0,0,0
One for the Money,40000000,19.438503,91.0,5.3,388,3,2012,0,1,0,1,0,0,1,0,0,0
The Interview,44000000,74.16801600000002,112.0,6.1,2304,2,2014,0,1,0,1,0,0,0,0,0,0
The Warrior's Way,42000000,7.349497,100.0,6.3,136,5,2010,0,0,1,1,0,1,0,0,0,0
Micmacs,33000000,7.6635149999999985,100.0,6.8,148,3,2009,0,1,0,1,0,0,1,0,0,0
8 Mile,41000000,32.798571,110.0,6.8,1626,1,2002,1,0,0,0,0,0,0,0,0,0
A Knight's Tale,65000000,36.670399,132.0,6.6,907,4,2001,1,0,0,1,1,1,0,0,0,0
The Sixth Sense,40000000,73.085576,107.0,7.7,3147,3,1999,1,0,1,0,0,0,0,0,0,0
Man on a Ledge,42000000,34.041407,102.0,6.2,925,3,2012,0,0,1,1,0,0,1,0,0,0
The Big Year,41000000,9.419726,100.0,5.6,248,1,2011,0,1,0,0,0,0,0,0,0,0
The Karate Kid,8000000,28.456572,126.0,6.9,891,1,1984,1,0,0,0,0,0,0,0,0,0
American Hustle,40000000,49.66412800000001,138.0,6.8,2807,2,2013,1,0,0,0,0,0,1,0,0,0
The Proposal,40000000,36.238968,108.0,6.7,1804,3,2009,1,1,0,0,1,0,0,0,0,0
Double Jeopardy,70000000,19.439386,105.0,6.2,278,4,1999,1,0,1,0,0,0,1,0,0,0
Back to the Future Part II,40000000,43.345252,108.0,7.4,3829,5,1989,0,1,0,0,0,1,0,1,1,0
Lucy,40000000,115.241998,89.0,6.3,5878,3,2014,0,0,0,1,0,0,0,1,1,0
Fifty Shades of Grey,40000000,98.755657,125.0,5.2,3254,3,2015,1,0,1,0,1,0,0,0,0,0
Spy Kids 3-D: Game Over,38000000,21.998734,84.0,4.7,511,6,2003,0,1,0,1,0,1,0,1,1,0
A Time to Kill,40000000,25.219805,149.0,7.0,509,3,1996,1,0,1,0,0,0,1,0,0,0
Cheaper by the Dozen,40000000,26.516624,98.0,6.0,699,1,2003,0,1,0,0,0,0,0,0,0,0
Lone Survivor,40000000,37.084384,121.0,7.4,1526,4,2013,1,0,1,1,0,0,0,0,0,0
A League of Their Own,40000000,21.661028,128.0,6.7,354,1,1992,0,1,0,0,0,0,0,0,0,0
The Conjuring 2,40000000,68.794673,134.0,7.0,1949,1,2016,0,0,0,0,0,0,0,0,0,1
The Social Network,40000000,69.27821999999999,120.0,7.1,3391,1,2010,1,0,0,0,0,0,0,0,0,0
He's Just Not That Into You,40000000,26.253357,129.0,6.2,959,3,2009,1,1,0,0,1,0,0,0,0,0
Scary Movie 4,45000000,32.549282,83.0,5.3,750,1,2006,0,1,0,0,0,0,0,0,0,0
Scream 3,40000000,24.992057,116.0,5.7,736,2,2000,0,0,0,0,0,0,0,0,0,1
Back to the Future Part III,40000000,45.769562,118.0,7.1,2900,5,1990,0,1,0,0,0,1,0,1,1,0
Get Hard,40000000,36.301202,100.0,5.9,944,1,2015,0,1,0,0,0,0,0,0,0,0
Dracula,40000000,45.022964,128.0,7.1,1056,2,1992,0,0,0,0,1,0,0,0,0,1
Julie & Julia,40000000,22.853006,123.0,6.6,560,2,2009,1,0,0,0,1,0,0,0,0,0
42,40000000,31.88455900000001,128.0,6.8,787,1,2013,1,0,0,0,0,0,0,0,0,0
The Talented Mr. Ripley,40000000,31.385257,139.0,7.0,767,3,1999,1,0,1,0,0,0,1,0,0,0
Dumb and Dumber To,40000000,67.767785,110.0,5.4,1127,1,2014,0,1,0,0,0,0,0,0,0,0
Eight Below,40000000,24.287306,120.0,6.7,542,3,2006,1,0,0,0,0,1,0,0,0,0
The Intern,35000000,53.114573,121.0,7.1,1881,1,2015,0,1,0,0,0,0,0,0,0,0
Ride Along 2,40000000,25.136082,102.0,6.1,555,2,2016,0,1,0,1,0,0,0,0,0,0
The Last of the Mohicans,40000000,37.776566,112.0,7.1,732,5,1992,1,0,0,1,1,1,0,0,0,0
Ray,40000000,21.743321,152.0,7.2,467,2,2004,1,0,0,0,0,0,0,0,0,0
Sin City,40000000,66.003433,124.0,7.2,2691,3,2005,0,0,1,1,0,0,1,0,0,0
Vantage Point,40000000,24.862767,90.0,6.2,716,4,2008,1,0,1,1,0,0,1,0,0,0
"I Love You, Man",41000000,25.391899,105.0,6.5,515,1,2009,0,1,0,0,0,0,0,0,0,0
Shallow Hal,40000000,29.854773,114.0,5.7,731,2,2001,0,1,0,0,1,0,0,0,0,0
JFK,40000000,26.82041,189.0,7.5,502,3,1991,1,0,1,0,0,0,0,0,0,0
Big Momma's House 2,40000000,17.612920000000006,99.0,5.4,371,2,2006,0,1,0,0,0,0,1,0,0,0
The Mexican,57000000,21.021809,123.0,5.8,441,4,2001,0,1,0,1,1,0,1,0,0,0
17 Again,20000000,52.571674,102.0,6.1,1350,1,2009,0,1,0,0,0,0,0,0,0,0
The Other Woman,40000000,34.519636,109.0,6.2,1437,2,2014,0,1,0,0,1,0,0,0,0,0
The Final Destination,40000000,32.478077,82.0,5.4,831,2,2009,0,0,0,0,0,0,0,0,0,1
Bridge of Spies,40000000,48.445978,141.0,7.2,2583,2,2015,1,0,1,0,0,0,0,0,0,0
Behind Enemy Lines,40000000,24.012986,106.0,6.0,457,4,2001,1,0,1,1,0,0,0,0,0,0
Get Him to the Greek,40000000,17.869443,109.0,5.9,612,1,2010,0,1,0,0,0,0,0,0,0,0
Shall We Dance?,50000000,14.231899,107.0,5.9,297,3,2004,1,1,0,0,1,0,0,0,0,0
Small Soldiers,40000000,23.088571,110.0,6.2,511,6,1998,0,1,0,1,0,1,0,1,1,0
Spawn,40000000,19.833664,96.0,5.0,336,6,1997,0,0,0,1,0,1,0,1,1,1
The Count of Monte Cristo,35000000,26.595983,131.0,7.3,453,4,2002,1,0,1,1,0,1,0,0,0,0
The Lincoln Lawyer,40000000,26.072228,119.0,7.0,902,3,2011,1,0,1,0,0,0,1,0,0,0
Unknown,30000000,38.643914,113.0,6.5,1265,3,2011,0,0,1,1,0,0,0,0,0,0
The Prestige,40000000,74.440708,130.0,8.0,4391,3,2006,1,0,1,0,0,0,0,0,0,0
Horrible Bosses 2,42000000,82.185281,108.0,6.1,1536,1,2014,0,1,0,0,0,0,0,0,0,0
Escape from Planet Earth,40000000,18.14218,89.0,5.7,332,6,2013,0,1,0,0,0,1,0,1,1,0
Apocalypto,40000000,41.570047,139.0,7.3,1221,4,2006,1,0,1,1,0,1,0,0,0,0
The Living Daylights,40000000,23.331459,130.0,6.2,440,3,1987,0,0,1,1,0,1,0,0,0,0
Predators,40000000,47.649554,107.0,6.0,1206,5,2010,0,0,1,1,0,1,0,1,1,0
Secret Window,40000000,32.908414,96.0,6.4,972,2,2004,0,0,1,0,0,0,0,0,0,0
The Lake House,40000000,29.88736,99.0,6.5,670,3,2006,1,0,0,0,1,0,0,0,0,0
The Skeleton Key,43000000,29.105407,104.0,6.4,573,4,2005,1,0,1,0,0,0,0,0,0,1
Made of Honor,40000000,19.574774,101.0,6.0,394,2,2008,0,1,0,0,1,0,0,0,0,0
Jersey Boys,40000000,14.199932999999998,134.0,6.8,255,2,2014,1,0,0,0,0,0,0,0,0,0
The Rainmaker,40000000,12.229516,135.0,6.7,235,3,1997,1,0,1,0,0,0,1,0,0,0
Gothika,40000000,27.303608,98.0,5.8,629,2,2003,0,0,1,0,0,0,0,0,0,1
Amistad,36000000,3.698276,155.0,6.8,316,3,1997,1,0,0,0,0,0,0,0,0,0
Aliens vs Predator: Requiem,40000000,39.381913,94.0,4.9,740,6,2007,0,0,1,1,0,0,0,1,1,1
Music and Lyrics,40000000,17.659032,96.0,6.2,554,3,2007,0,1,0,0,1,0,0,0,0,0
Paul,40000000,43.151268,104.0,6.5,1789,4,2011,0,1,0,0,0,1,0,1,1,0
The Guilt Trip,40000000,15.283444,95.0,5.4,284,1,2012,0,1,0,0,0,0,0,0,0,0
Scream 4,40000000,35.21926,111.0,6.1,902,2,2011,0,0,0,0,0,0,0,0,0,1
8MM,40000000,25.580272,123.0,6.1,474,3,1999,0,0,1,0,0,0,1,0,0,0
The Doors,38000000,10.794175,140.0,6.7,275,2,1991,1,0,0,0,0,0,0,0,0,0
Sex Tape,40000000,72.641296,97.0,5.3,1695,1,2014,0,1,0,0,0,0,0,0,0,0
Hanging Up,40000000,3.415534,94.0,5.0,40,2,2000,1,1,0,0,0,0,0,0,0,0
Final Destination 5,47000000,38.555482,92.0,5.9,866,2,2011,0,0,0,0,0,0,0,0,0,1
Pay It Forward,40000000,24.313684,122.0,7.0,432,2,2000,1,0,0,0,1,0,0,0,0,0
Fever Pitch,30000000,9.965073,103.0,5.9,182,3,2005,1,1,0,0,1,0,0,0,0,0
The Shadow,25000000,8.178203,108.0,5.4,138,6,1994,0,0,1,1,0,1,0,1,1,0
Extremely Loud & Incredibly Close,40000000,31.066874,129.0,6.9,708,1,2011,1,0,0,0,0,0,0,0,0,0
Morning Glory,40000000,22.491388,102.0,6.1,412,3,2010,1,1,0,0,1,0,0,0,0,0
Get Rich or Die Tryin',40000000,12.885985,117.0,6.3,186,1,2005,1,0,0,0,0,0,0,0,0,0
The Art of War,40000000,7.832337,117.0,5.6,135,3,2000,0,0,0,1,0,1,1,0,0,0
Rent,40000000,10.433667,135.0,6.7,155,2,2005,1,0,0,0,1,0,0,0,0,0
The Out-of-Towners,75000000,4.842626,90.0,5.0,45,1,1999,0,1,0,0,0,0,0,0,0,0
The Island of Dr. Moreau,40000000,13.210898,96.0,4.6,147,4,1996,0,0,0,0,0,0,0,1,1,1
The Musketeer,40000000,3.296933,104.0,5.2,56,3,2001,1,0,0,1,0,1,0,0,0,0
Sweet November,40000000,19.372805,119.0,6.4,278,2,2001,1,0,0,0,1,0,0,0,0,0
The Reaping,40000000,13.445697,99.0,5.4,205,1,2007,0,0,0,0,0,0,0,0,0,1
Mean Streets,500000,17.002095999999998,110.0,7.2,345,2,1973,1,0,0,0,0,0,1,0,0,0
Renaissance Man,40000000,4.516953,128.0,5.9,81,2,1994,0,1,0,0,0,0,0,0,0,0
Colombiana,40000000,33.785969,108.0,6.5,824,4,2011,1,0,1,1,0,0,1,0,0,0
Quest for Camelot,40000000,16.059442999999998,86.0,6.9,190,5,1998,1,0,0,0,1,0,0,0,0,0
City By The Sea,40000000,3.4769660000000004,108.0,5.7,92,3,2002,1,0,0,0,0,0,1,0,0,0
Torque,40000000,7.360792999999997,84.0,4.7,119,1,2004,0,0,0,1,0,0,0,0,0,0
Showgirls,45000000,14.513305,128.0,4.9,256,1,1995,1,0,0,0,0,0,0,0,0,0
Marie Antoinette,40000000,22.364549,123.0,6.5,642,2,2006,1,0,0,0,0,0,0,0,0,0
Get Carter,63600000,4.494788,102.0,4.8,145,4,2000,1,0,1,1,0,0,1,0,0,0
The Impossible,42000000,47.559928,113.0,7.0,2025,2,2012,1,0,1,0,0,0,0,0,0,0
Ishtar,55000000,2.410546,107.0,4.2,28,3,1987,0,1,0,1,0,1,0,0,0,0
Fantastic Mr. Fox,40000000,41.258956,87.0,7.5,1176,4,2009,0,1,0,0,0,1,0,0,0,0
Life or Something Like It,40000000,8.980846000000003,103.0,5.7,124,3,2002,1,1,0,0,1,0,0,0,0,0
Memoirs of an Invisible Man,40000000,7.222985,99.0,5.7,125,4,1992,0,1,0,0,0,0,0,1,1,0
Amélie,10000000,73.720244,122.0,7.8,3310,2,2001,0,1,0,0,1,0,0,0,0,0
Alfie,60000000,15.219263,103.0,5.6,248,1,2004,0,1,0,0,0,0,0,0,0,0
Big Miracle,40000000,8.303696,107.0,6.6,152,3,2012,1,0,0,0,1,1,0,0,0,0
The Deep End of the Ocean,38000000,4.746085,106.0,5.9,54,2,1999,1,0,0,0,0,0,0,0,0,0
FearDotCom,40000000,6.756886,101.0,3.2,105,2,2002,0,0,1,0,0,0,0,0,0,1
Cirque du Freak: The Vampire's Assistant,40000000,16.424807,109.0,5.5,348,4,2009,0,0,1,1,0,1,0,0,0,0
Duplex,40000000,15.590001,89.0,5.9,482,3,2003,0,1,1,1,0,0,0,0,0,0
Universal Soldier: The Return,45000000,14.566664,82.0,4.2,135,3,1999,0,0,0,1,0,0,0,1,1,0
Pandorum,33000000,28.353517,108.0,6.5,774,6,2009,0,0,1,1,0,0,0,1,1,1
Extreme Ops,40000000,2.911819,93.0,5.0,28,4,2002,1,0,1,1,0,1,0,0,0,0
Sunshine,50000000,51.502884,107.0,7.0,1182,3,2007,0,0,1,0,0,0,0,1,1,0
A Thousand Words,40000000,13.119132999999998,91.0,6.0,373,2,2012,1,1,0,0,0,0,0,0,0,0
The Gunman,40000000,26.935458,115.0,5.5,392,3,2015,1,0,0,1,0,0,1,0,0,0
Stormbreaker,40000000,16.282962,93.0,5.1,213,3,2006,0,0,0,1,0,1,0,0,0,0
Disturbia,20000000,31.690456,105.0,6.6,1006,3,2007,1,0,1,0,0,0,0,0,0,0
Hackers,20000000,17.842246,107.0,6.2,398,4,1995,1,0,1,1,0,0,1,0,0,0
Snowpiercer,39200000,64.238688,126.0,6.7,2854,4,2013,1,0,0,1,0,0,0,1,1,0
The Crow,15000000,44.690107,102.0,7.3,953,3,1994,0,0,1,1,0,0,0,0,0,0
Baahubali: The Beginning,40000000,16.254032000000002,159.0,7.5,135,4,2015,0,0,0,1,0,1,0,0,0,0
The Time Traveler's Wife,39000000,37.492928000000006,107.0,6.7,798,3,2009,1,0,0,0,1,0,0,0,0,0
Frankenweenie,39000000,27.908783000000003,87.0,6.6,932,3,2012,0,1,0,0,0,0,0,0,0,0
Serenity,39000000,45.388937,119.0,7.4,1264,5,2005,0,0,1,1,0,1,0,1,1,0
Against the Ropes,39000000,2.817364,106.0,4.5,32,2,2004,1,0,0,0,1,0,0,0,0,0
Superman III,39000000,22.164202,125.0,5.3,490,6,1983,0,1,0,1,0,1,0,1,1,0
Grudge Match,40000000,21.362949,113.0,6.0,433,1,2013,0,1,0,0,0,0,0,0,0,0
Red Cliff,80341000,14.8375,150.0,7.1,205,3,2008,1,0,0,1,0,1,0,0,0,0
Sweet Home Alabama,30000000,18.256028,108.0,6.0,394,2,2002,0,1,0,0,1,0,0,0,0,0
The Ugly Truth,38000000,22.332927,96.0,6.4,972,2,2009,0,1,0,0,1,0,0,0,0,0
Spy Kids 2: The Island of Lost Dreams,38000000,24.085144,100.0,5.3,521,3,2002,0,0,0,1,0,1,0,0,0,0
Star Trek: Generations,38000000,14.779041,118.0,6.4,452,5,1994,0,0,1,1,0,1,0,1,1,0
The Grandmaster,3860000,19.947265,130.0,6.3,273,3,2013,1,0,0,1,0,0,0,0,0,0
Water for Elephants,38000000,16.801218,120.0,6.7,850,2,2011,1,0,0,0,1,0,0,0,0,0
The Hurricane,50000000,20.825781,146.0,7.2,396,1,1999,1,0,0,0,0,0,0,0,0,0
Enough,38000000,11.500783,114.0,6.2,264,2,2002,1,0,1,0,0,0,0,0,0,0
Paul Blart: Mall Cop 2,38000000,41.258487,94.0,5.0,567,3,2015,0,1,0,1,0,0,0,0,0,0
Angel Eyes,53000000,6.454634,102.0,5.6,88,3,2001,1,0,1,0,1,0,0,0,0,0
The Ninth Gate,38000000,30.359164,133.0,6.3,756,3,1999,0,0,1,0,0,0,0,0,0,1
Extreme Measures,38000000,3.4265550000000005,118.0,5.7,80,2,1996,1,0,1,0,0,0,0,0,0,0
Rock Star,57000000,11.60815,105.0,6.0,190,3,2001,1,1,0,0,0,0,0,0,0,0
Precious,10000000,18.664624,110.0,6.9,417,1,2009,1,0,0,0,0,0,0,0,0,0
White Squall,38000000,10.047579,129.0,6.3,86,2,1996,1,0,0,1,0,0,0,0,0,0
The Thing,15000000,52.731379,109.0,7.8,1588,4,1982,0,0,0,0,0,0,0,1,1,1
Riddick,38000000,46.630062,119.0,6.2,2035,4,2013,0,0,1,1,0,0,0,1,1,0
Switchback,37000000,4.131546,118.0,5.8,52,4,1997,0,0,1,1,0,1,0,0,0,0
City of Ember,55000000,23.465539,90.0,6.2,605,3,2008,0,0,0,0,0,1,0,0,0,0
The Master,32000000,25.682509,137.0,7.0,701,1,2012,1,0,0,0,0,0,0,0,0,0
Virgin Territory,38000000,6.760922,93.0,4.3,75,4,2007,0,1,0,1,1,1,0,0,0,0
The Express,40000000,3.87823,130.0,7.1,71,1,2008,1,0,0,0,0,0,0,0,0,0
The 5th Wave,38000000,57.889964,112.0,5.6,1945,3,2016,0,0,0,0,0,1,0,1,1,0
Creed,37000000,57.773583,133.0,7.3,1915,1,2015,1,0,0,0,0,0,0,0,0,0
The Town,37000000,24.218358,125.0,7.0,1468,3,2010,1,0,1,0,0,0,1,0,0,0
What to Expect When You're Expecting,40000000,27.009723,110.0,5.8,594,3,2012,1,1,0,0,1,0,0,0,0,0
Burn After Reading,37000000,31.941347,96.0,6.5,1222,2,2008,1,1,0,0,0,0,0,0,0,0
Nim's Island,37000000,14.353279,96.0,5.6,330,4,2008,0,1,0,0,0,1,0,0,0,0
Rush,38000000,33.00382800000001,123.0,7.7,2277,2,2013,1,0,0,1,0,0,0,0,0,0
Magnolia,37000000,30.993736,188.0,7.5,825,1,1999,1,0,0,0,0,0,0,0,0,0
Cop Out,30000000,25.825771,107.0,5.3,511,3,2010,0,1,0,1,0,0,1,0,0,0
How to Be Single,38000000,46.078371,110.0,5.9,1201,2,2016,0,1,0,0,1,0,0,0,0,0
Dolphin Tale,37000000,6.638389999999999,113.0,6.7,163,2,2011,1,0,0,0,0,0,0,0,0,0
Twilight,37000000,127.084938,122.0,5.8,3561,4,2008,1,0,0,0,1,1,0,0,0,0
John Q,36000000,27.465433,116.0,7.0,594,3,2002,1,0,1,0,0,0,1,0,0,0
Blue Streak,65000000,16.865782,93.0,6.1,352,3,1999,0,1,0,1,0,0,1,0,0,0
We're the Millers,37000000,100.348805,110.0,6.8,2972,2,2013,0,1,0,0,0,0,1,0,0,0
The Inhabited Island,36500000,2.785832,115.0,5.3,23,5,2008,0,0,1,1,0,0,0,1,1,0
Breakdown,36000000,9.176339,95.0,6.6,198,3,1997,1,0,1,1,0,0,0,0,0,0
Never Say Never Again,36000000,23.380757,134.0,5.8,338,3,1983,0,0,1,1,0,1,0,0,0,0
Hot Tub Time Machine,36000000,33.926473,101.0,6.0,894,4,2010,0,1,0,0,0,1,0,1,1,0
Dolphin Tale 2,36000000,6.967857,107.0,6.7,96,2,2014,1,0,0,0,0,0,0,0,0,0
Reindeer Games,42000000,11.470135,124.0,5.4,173,1,2000,0,0,1,0,0,0,0,0,0,0
A Man Apart,36000000,19.854932,109.0,5.8,258,2,2003,1,0,0,1,0,0,0,0,0,0
Aloha,37000000,29.652536,105.0,5.2,692,3,2015,1,1,0,0,1,0,0,0,0,0
The Rite,37000000,11.492474,114.0,5.8,556,3,2011,1,0,1,0,0,0,0,0,0,1
Gattaca,36000000,70.398356,106.0,7.5,1808,5,1997,0,0,1,0,1,0,0,1,1,0
Isn't She Great,36000000,1.068453,95.0,4.6,14,2,2000,1,1,0,0,0,0,0,0,0,0
Space Chimps,37000000,6.293216999999999,81.0,5.2,99,2,2008,0,0,0,0,0,0,0,0,0,0
The Hangover,35000000,82.21166,100.0,7.2,6173,1,2009,0,1,0,0,0,0,0,0,0,0
Ip Man 3,36000000,19.167377,105.0,6.5,379,3,2015,1,0,0,1,0,0,0,0,0,0
Austin Powers: The Spy Who Shagged Me,33000000,18.316151,95.0,6.2,1011,5,1999,0,1,0,0,0,1,1,1,1,0
Batman,35000000,44.104469,126.0,7.0,2096,2,1989,0,0,0,1,0,0,0,0,0,0
Lethal Weapon 3,35000000,36.172182,118.0,6.4,811,5,1992,0,1,1,1,0,1,1,0,0,0
The Blind Side,29000000,25.767395,129.0,7.2,1597,1,2009,1,0,0,0,0,0,0,0,0,0
Spy Kids,35000000,21.543389,88.0,5.5,867,4,2001,0,1,0,1,0,1,0,0,0,0
Horrible Bosses,35000000,50.309843,98.0,6.5,2277,2,2011,0,1,0,0,0,0,1,0,0,0
True Grit,38000000,49.29238400000001,110.0,7.2,1668,3,2010,1,0,0,0,0,1,0,0,0,0
The Devil Wears Prada,35000000,83.89325699999998,109.0,7.0,3088,3,2006,1,1,0,0,1,0,0,0,0,0
Star Trek: The Motion Picture,35000000,24.616634,132.0,6.2,530,4,1979,0,0,0,0,0,1,0,1,1,0
Identity Thief,35000000,34.005726,111.0,5.6,1645,2,2013,0,1,0,0,0,0,1,0,0,0
Cape Fear,35000000,27.714043,128.0,7.0,675,2,1991,0,0,1,0,0,0,1,0,0,0
21,35000000,45.149948,123.0,6.5,1375,2,2008,1,0,0,0,0,0,1,0,0,0
Trainwreck,35000000,72.774941,125.0,5.9,1181,1,2015,0,1,0,0,0,0,0,0,0,0
Guess Who,35000000,3.74263,105.0,5.5,225,2,2005,0,1,0,0,1,0,0,0,0,0
The English Patient,27000000,29.381878000000004,162.0,7.0,542,3,1996,1,0,0,0,1,0,0,0,0,0
L.A. Confidential,35000000,24.860326,138.0,7.7,1310,4,1997,1,0,1,0,0,0,1,0,0,0
Sky High,35000000,11.041659,100.0,5.8,550,3,2005,0,1,0,0,0,1,0,0,0,0
Species,35000000,23.607071,108.0,5.5,453,4,1995,0,0,0,1,0,0,0,1,1,1
A Nightmare on Elm Street,1800000,38.204158,91.0,7.2,1180,1,1984,0,0,0,0,0,0,0,0,0,1
The Cell,33000000,25.413955,107.0,6.0,436,4,2000,0,0,1,0,0,0,0,1,1,1
Secretariat,35000000,9.525037,123.0,6.8,103,1,2010,1,0,0,0,0,0,0,0,0,0
TMNT,34000000,18.39217,90.0,6.0,345,4,2007,0,1,0,0,0,1,0,0,0,0
Radio,32000000,9.254647,109.0,6.8,141,1,2003,1,0,0,0,0,0,0,0,0,0
Friends with Benefits,35000000,40.526587,109.0,6.5,2237,2,2011,0,1,0,0,1,0,0,0,0,0
Neighbors 2: Sorority Rising,35000000,50.179171,91.0,5.6,1462,1,2016,0,1,0,0,0,0,0,0,0,0
Saving Mr. Banks,35000000,31.957947,125.0,7.3,1226,3,2013,1,1,0,0,0,0,0,0,0,0
Malcolm X,34000000,19.822791,202.0,7.2,370,2,1992,1,0,0,0,0,0,0,0,0,0
This Is 40,35000000,38.429648,134.0,5.6,896,1,2012,0,1,0,0,0,0,0,0,0,0
Old Dogs,35000000,13.707843,88.0,5.2,210,2,2009,0,1,0,0,0,0,0,0,0,0
Underworld: Rise of the Lycans,35000000,51.927471,92.0,6.2,1428,6,2009,0,0,1,1,0,1,0,1,1,0
License to Wed,35000000,14.503568,91.0,5.2,253,1,2007,0,1,0,0,0,0,0,0,0,0
Must Love Dogs,30000000,11.120167,98.0,5.8,140,2,2005,0,1,0,0,1,0,0,0,0,0
Donnie Brasco,35000000,40.370442,127.0,7.4,1147,3,1997,1,0,1,0,0,0,1,0,0,0
Resident Evil,33000000,40.715623,100.0,6.4,2065,4,2002,0,0,0,1,0,0,0,1,1,1
Poltergeist,10700000,36.230204,114.0,7.0,794,1,1982,0,0,0,0,0,0,0,0,0,1
Max Payne,35000000,25.903237,100.0,5.2,613,1,2008,0,0,0,1,0,0,0,0,0,0
In Time,40000000,60.231382,109.0,6.7,3417,4,2011,0,0,1,1,0,0,0,1,1,0
The Back-Up Plan,35000000,18.38292,106.0,5.7,458,2,2010,0,1,0,0,1,0,0,0,0,0
Something Borrowed,35000000,14.029012,112.0,5.9,296,3,2011,1,1,0,0,1,0,0,0,0,0
The Bad News Bears,35000000,6.889633,102.0,6.9,97,2,1976,0,1,0,0,0,0,0,0,0,0
Street Fighter,35000000,19.286099,102.0,4.1,325,3,1994,0,0,1,1,0,1,0,0,0,0
The Pianist,35000000,50.587541,150.0,8.0,1864,2,2002,1,0,0,0,0,0,0,0,0,0
House of Wax,40000000,17.157738000000002,113.0,5.5,677,1,2005,0,0,0,0,0,0,0,0,0,1
Closer,27000000,22.636908,104.0,6.7,811,2,2004,1,0,0,0,1,0,0,0,0,0
J. Edgar,35000000,28.069419,137.0,6.0,741,3,2011,1,0,0,0,0,0,1,0,0,0
Mirrors,35000000,19.774543,110.0,6.0,485,3,2008,0,0,1,0,0,0,0,0,0,1
Queen of the Damned,35000000,11.644243,101.0,5.4,239,3,2002,1,0,0,0,0,0,0,0,0,1
Predator 2,35000000,27.934978000000005,108.0,5.9,730,4,1990,0,0,1,1,0,0,0,1,1,0
Untraceable,35000000,12.677505,101.0,5.9,238,1,2008,1,0,0,0,0,0,0,0,0,0
Blast from the Past,35000000,8.737058,112.0,6.3,245,2,1999,0,1,0,0,1,0,0,0,0,0
Flash Gordon,35000000,12.343507,111.0,6.1,233,2,1980,0,0,0,0,0,0,0,1,1,0
Jersey Girl,35000000,14.699342,102.0,5.8,325,2,2004,0,1,0,0,1,0,0,0,0,0
Alex Cross,45000000,14.513243,101.0,5.1,300,4,2012,0,0,1,1,0,0,1,0,0,0
Midnight in the Garden of Good and Evil,35000000,5.525544,155.0,6.3,157,4,1997,1,0,1,0,0,0,1,0,0,0
Heist,8900000,15.079993,93.0,5.6,318,3,2015,0,0,1,1,0,0,1,0,0,0
Nanny McPhee and the Big Bang,35000000,23.835055,109.0,6.0,436,2,2010,0,1,0,0,0,0,0,0,0,0
The X Files: I Want to Believe,30000000,25.454549,104.0,5.5,523,5,2008,1,0,1,0,0,0,0,1,1,0
Ella Enchanted,31000000,22.71592,96.0,5.9,437,3,2004,0,1,0,0,0,0,0,0,0,0
Concussion,35000000,35.120736,123.0,7.0,823,1,2015,1,0,0,0,0,0,0,0,0,0
Abduction,35000000,19.893646,106.0,5.6,961,3,2011,0,0,1,1,0,0,0,0,0,0
Valiant,35000000,14.051851999999998,76.0,5.2,235,3,2005,0,0,0,0,0,1,0,0,0,0
Superhero Movie,35000000,19.088655,85.0,4.9,379,4,2008,0,1,0,1,0,0,0,1,1,0
Broken City,56000000,29.490057,109.0,5.7,593,3,2013,1,0,1,0,0,0,1,0,0,0
Cursed,35000000,11.195593,97.0,5.1,167,2,2005,0,1,0,0,0,0,0,0,0,1
Premium Rush,35000000,17.709888,91.0,6.2,832,3,2012,0,0,1,1,0,0,1,0,0,0
Hot Pursuit,35000000,18.262017,87.0,5.4,647,3,2015,0,1,0,1,0,0,1,0,0,0
The Four Feathers,35000000,10.10364,132.0,6.5,159,4,2002,1,0,0,0,1,1,0,0,0,0
Parker,35000000,28.670477,118.0,5.7,1455,2,2013,0,0,0,1,0,0,1,0,0,0
Wimbledon,31000000,16.736734,98.0,6.0,293,2,2004,0,1,0,0,1,0,0,0,0,0
Furry Vengeance,35000000,13.668632999999998,92.0,4.6,149,1,2010,0,1,0,0,0,0,0,0,0,0
Krull,27000000,9.904881,117.0,5.8,129,3,1983,0,0,0,1,0,1,0,0,0,0
Lions for Lambs,35000000,9.789027,92.0,6.0,216,4,2007,1,0,0,1,0,1,0,0,0,0
Walk Hard: The Dewey Cox Story,35000000,10.73522,96.0,6.6,212,2,2007,0,1,0,0,0,0,0,0,0,0
American Outlaws,35000000,6.7279490000000015,94.0,5.7,55,2,2001,0,0,0,1,0,0,0,0,0,0
The Young Victoria,35000000,16.343317000000006,105.0,7.0,322,3,2009,1,0,0,0,1,0,0,0,0,0
Whiteout,40000000,14.818718,101.0,5.3,220,4,2009,0,0,1,1,0,0,1,0,0,0
The Tree of Life,32000000,43.862456,139.0,6.5,987,2,2011,1,0,0,0,0,0,0,0,0,0
Sabotage,35000000,27.903999,110.0,5.5,555,4,2014,1,0,1,1,0,0,1,0,0,0
The Order,35000000,3.746806,102.0,4.8,91,5,2003,1,0,0,0,1,0,0,0,0,1
Punisher: War Zone,20500000,17.112498000000002,102.0,5.6,294,2,2008,0,0,0,1,0,0,1,0,0,0
Zoom,35000000,10.304172,83.0,4.9,135,3,2006,0,1,0,0,0,0,0,0,0,0
The Walk,35000000,37.335721,123.0,6.9,1121,3,2015,1,0,1,0,0,1,0,0,0,0
A Good Year,35000000,16.782470999999994,118.0,6.5,357,3,2006,1,1,0,0,1,0,0,0,0,0
Radio Flyer,35000000,3.5034080000000003,114.0,6.6,53,1,1992,1,0,0,0,0,0,0,0,0,0
Femme Fatale,35000000,9.07278,114.0,6.2,142,3,2002,0,0,1,0,1,0,1,0,0,0
The Horseman on the Roof,35000000,2.877488,135.0,6.7,25,4,1995,1,0,0,0,1,1,0,0,0,0
Ride with the Devil,38000000,5.516207,138.0,6.6,49,4,1999,1,0,0,0,1,0,0,0,0,0
Bandidas,35000000,20.27704,93.0,5.8,307,4,2006,0,1,0,1,0,0,1,0,0,0
The Maze Runner,34000000,131.815575,113.0,7.0,5371,5,2014,0,0,1,1,0,0,0,1,1,0
Unfinished Business,35000000,16.832311999999998,91.0,5.0,320,1,2015,0,1,0,0,0,0,0,0,0,0
The Age of Innocence,34000000,9.133747,139.0,7.0,169,2,1993,1,0,0,0,1,0,0,0,0,0
The Fountain,35000000,24.606012,96.0,6.8,827,5,2006,1,0,0,0,1,1,0,1,1,0
Chill Factor,70000000,3.2769120000000003,101.0,5.3,29,3,1999,0,1,1,1,0,0,0,0,0,0
Stolen,35000000,16.830184,96.0,5.1,344,4,2012,1,0,1,1,0,0,1,0,0,0
Ponyo,41677699,39.58676,100.0,7.5,926,2,2008,0,0,0,0,0,0,0,0,0,0
The Longest Ride,34000000,41.946523,128.0,7.3,1064,2,2015,1,0,0,0,1,0,0,0,0,0
The Astronaut's Wife,75000000,20.697556,109.0,5.4,254,4,1999,1,0,1,0,0,0,0,1,1,0
Mandela: Long Walk to Freedom,35000000,15.509570000000002,141.0,6.5,224,2,2013,1,0,0,0,0,0,0,0,0,0
Reds,32000000,4.602185,195.0,7.1,67,2,1981,1,0,0,0,0,0,0,0,0,0
A Few Good Men,40000000,40.379966,138.0,7.1,877,1,1992,1,0,0,0,0,0,0,0,0,0
Exit Wounds,50000000,12.601306,101.0,5.3,110,3,2001,0,0,1,1,0,0,1,0,0,0
Big Momma's House,30000000,24.389194,98.0,5.6,506,2,2000,0,1,0,0,0,0,1,0,0,0
The Darkest Hour,30000000,23.328823,89.0,4.8,469,5,2011,0,0,1,1,0,0,0,1,1,1
Step Up Revolution,33000000,29.775441,99.0,6.7,663,3,2012,1,0,0,0,1,0,0,0,0,0
Snakes on a Plane,33000000,19.642328,105.0,5.1,497,4,2006,0,0,1,1,0,0,1,0,0,1
The Punisher,33000000,35.099611,124.0,6.1,766,3,2004,1,0,0,1,0,0,1,0,0,0
Goal!: The Dream Begins,30000000,16.541791,118.0,6.6,238,1,2005,1,0,0,0,0,0,0,0,0,0
Safe,30000000,31.92695,94.0,6.3,799,3,2012,0,0,1,1,0,0,1,0,0,0
Return of the Jedi,32350000,46.509071,135.0,7.9,4665,4,1983,0,0,0,1,0,1,0,1,1,0
Doomsday,30000000,21.538222,108.0,5.8,363,4,2008,0,0,1,1,0,0,0,1,1,0
The Reader,32000000,33.923786,124.0,7.2,813,2,2008,1,0,0,0,1,0,0,0,0,0
Wanderlust,35000000,20.908494,98.0,5.3,394,1,2012,0,1,0,0,0,0,0,0,0,0
Elf,32000000,16.901954,97.0,6.4,987,3,2003,0,1,0,0,0,0,0,0,0,0
Phenomenon,32000000,15.039407,123.0,6.2,323,5,1996,1,0,0,0,1,0,0,1,1,0
Nacho Libre,32000000,14.642055,92.0,5.6,359,2,2006,0,1,0,0,0,0,0,0,0,0
Bridesmaids,32500000,17.107065,125.0,6.5,1661,2,2011,0,1,0,0,1,0,0,0,0,0
This Is the End,32000000,38.21708,107.0,6.3,2359,2,2013,0,1,0,1,0,0,0,0,0,0
Stigmata,29000000,14.993169,103.0,6.0,242,1,1999,0,0,0,0,0,0,0,0,0,1
Men of Honor,32000000,24.147269,129.0,7.0,544,1,2000,1,0,0,0,0,0,0,0,0,0
Takers,32000000,18.47242,107.0,6.0,394,4,2010,1,0,1,1,0,0,1,0,0,0
The Big Wedding,35000000,18.84332,90.0,5.7,414,1,2013,0,1,0,0,0,0,0,0,0,0
"Big Mommas: Like Father, Like Son",32000000,15.901137,107.0,5.3,313,3,2011,0,1,0,1,0,0,1,0,0,0
Source Code,32000000,59.19888,93.0,7.1,2699,4,2011,0,0,1,0,0,0,0,1,1,0
Alive,32000000,14.48851,120.0,6.7,374,4,1993,1,0,1,1,0,1,0,0,0,0
The Number 23,30000000,23.197408,101.0,6.3,1018,3,2007,1,0,1,0,0,0,0,0,0,0
The Young and Prodigious T.S. Spivet,33000000,10.651202,105.0,6.7,232,3,2013,1,0,0,0,0,1,0,0,0,0
1941,35000000,10.032626,113.0,5.6,143,2,1979,0,1,0,1,0,0,0,0,0,0
A History of Violence,32000000,34.628738,96.0,6.9,832,3,2005,1,0,1,0,0,0,1,0,0,0
Transporter 2,32000000,47.5612,87.0,6.2,1061,3,2005,0,0,1,1,0,0,1,0,0,0
The Quick and the Dead,32000000,16.473354999999998,107.0,6.3,427,2,1995,0,0,0,1,0,0,0,0,0,0
Laws of Attraction,28000000,6.201404,90.0,5.6,104,4,2004,0,1,1,1,1,0,0,0,0,0
Repo Men,32000000,25.799697,111.0,6.2,620,5,2010,0,0,1,1,0,0,1,1,1,0
Dragon Wars: D-War,70000000,4.822033,90.0,4.0,104,5,2007,1,0,1,1,0,0,0,0,0,1
The Incredible Burt Wonderstone,30000000,26.9385,100.0,5.3,724,1,2013,0,1,0,0,0,0,0,0,0,0
Cats Don't Dance,32000000,4.0984440000000015,75.0,7.1,24,4,1997,0,1,0,0,0,0,0,0,0,0
The Good German,32000000,5.347936,108.0,5.9,86,5,2006,1,0,0,0,1,0,1,0,0,0
Apocalypse Now,31500000,49.973462,153.0,8.0,2055,2,1979,1,0,0,0,0,0,0,0,0,0
Going the Distance,32000000,13.611544,102.0,6.0,262,3,2010,1,1,0,0,1,0,0,0,0,0
Criminal,31500000,27.891012,113.0,5.7,557,1,2016,0,0,0,1,0,0,0,0,0,0
Out of Africa,31000000,13.864975,161.0,7.0,279,1,1985,1,0,0,0,0,0,0,0,0,0
Flight,31000000,42.213765,138.0,6.5,2415,1,2012,1,0,0,0,0,0,0,0,0,0
Moonraker,34000000,29.887404,126.0,5.9,541,5,1979,0,0,1,1,0,1,0,1,1,0
The Grand Budapest Hotel,30000000,74.417456,99.0,8.0,4519,2,2014,1,1,0,0,0,0,0,0,0,0
Hearts in Atlantis,31000000,7.06762,101.0,6.4,131,2,2001,1,0,0,0,0,0,0,0,0,0
Arachnophobia,31000000,15.895661,103.0,6.2,433,2,1990,0,1,0,0,0,0,0,0,0,1
Frequency,31000000,19.258041,118.0,7.0,462,5,2000,1,0,1,0,0,0,1,1,1,0
Vacation,31000000,47.753598,99.0,6.2,1195,1,2015,0,1,0,0,0,0,0,0,0,0
Get Shorty,30250000,15.585138,105.0,6.4,302,3,1995,0,1,1,0,0,0,1,0,0,0
Chicago,45000000,32.217425,113.0,6.9,677,5,2002,1,1,0,1,0,0,1,0,0,0
Big Daddy,34200000,34.868590000000005,93.0,6.1,875,2,1999,1,1,0,0,0,0,0,0,0,0
American Pie 2,30000000,36.432598,108.0,6.0,1344,2,2001,0,1,0,0,1,0,0,0,0,0
Toy Story,30000000,73.640445,81.0,7.7,5269,3,1995,0,1,0,0,0,0,0,0,0,0
Speed,30000000,49.526736,116.0,6.8,1783,3,1994,0,0,0,1,0,1,1,0,0,0
The Vow,30000000,26.780961,104.0,7.0,1293,2,2012,1,0,0,0,1,0,0,0,0,0
Extraordinary Measures,31000000,6.487344,105.0,6.0,89,1,2010,1,0,0,0,0,0,0,0,0,0
Remember the Titans,30000000,25.996219,113.0,7.4,821,1,2000,1,0,0,0,0,0,0,0,0,0
The Hunt for Red October,30000000,46.212155,134.0,7.2,957,3,1990,0,0,1,1,0,1,0,0,0,0
The Butler,25000000,32.105328,132.0,7.2,1101,1,2013,1,0,0,0,0,0,0,0,0,0
DodgeBall: A True Underdog Story,20000000,41.156217,92.0,6.2,981,1,2004,0,1,0,0,0,0,0,0,0,0
The Addams Family,30000000,37.179547,99.0,6.7,848,3,1991,0,1,0,0,0,0,0,0,0,1
Ace Ventura: When Nature Calls,30000000,34.391791999999995,90.0,6.1,1099,3,1995,0,1,0,0,0,1,1,0,0,0
The Princess Diaries,37000000,40.176265,115.0,6.5,1023,3,2001,0,1,0,0,1,0,0,0,0,0
The First Wives Club,26000000,10.704596,102.0,6.5,166,1,1996,0,1,0,0,0,0,0,0,0,0
Se7en,33000000,79.579532,127.0,8.1,5765,3,1995,0,0,1,0,0,0,1,0,0,0
District 9,30000000,63.13678,112.0,7.3,3382,2,2009,0,0,0,0,0,0,0,1,1,0
The SpongeBob SquarePants Movie,30000000,27.870755,87.0,6.7,574,3,2004,0,1,0,0,0,0,0,0,0,0
Mystic River,25000000,31.242999,138.0,7.6,1422,4,2003,1,0,1,0,0,0,1,0,0,0
Million Dollar Baby,30000000,70.456012,132.0,7.7,2439,1,2004,1,0,0,0,0,0,0,0,0,0
Analyze This,80000000,29.415229,103.0,6.4,503,2,1999,0,1,0,0,0,0,1,0,0,0
The Notebook,29000000,55.109138,123.0,7.7,3067,2,2004,1,0,0,0,1,0,0,0,0,0
27 Dresses,30000000,30.695228000000004,111.0,6.1,978,2,2008,0,1,0,0,1,0,0,0,0,0
Hannah Montana: The Movie,35000000,13.788422,102.0,6.0,449,5,2009,1,1,0,0,1,0,0,0,0,0
Rugrats in Paris: The Movie,30,4.590277,78.0,6.0,100,4,2000,0,1,0,0,0,1,0,0,0,0
The Prince of Tides,30000000,3.845231,132.0,5.9,56,2,1991,1,0,0,0,1,0,0,0,0,0
Legends of the Fall,30000000,26.95272700000001,133.0,7.2,619,4,1994,1,0,0,0,1,1,0,0,0,0
Up in the Air,25000000,33.704181,109.0,6.7,1205,2,2009,1,0,0,0,1,0,0,0,0,0
About Schmidt,30000000,19.92502600000001,125.0,6.7,362,2,2002,1,1,0,0,0,0,0,0,0,0
Warm Bodies,35000000,43.742241,97.0,6.4,2652,3,2013,0,1,0,0,1,0,0,0,0,1
Looper,30000000,46.377628,118.0,6.6,4697,4,2012,0,0,1,1,0,0,0,1,1,0
Babe,30000000,34.36645,89.0,6.0,733,4,1995,1,1,0,0,0,0,0,0,0,0
Hope Springs,30000000,12.967137,100.0,5.8,284,3,2012,1,1,0,0,1,0,0,0,0,0
Forgetting Sarah Marshall,30000000,50.670253,111.0,6.4,1172,3,2008,1,1,0,0,1,0,0,0,0,0
Four Brothers,45000000,24.694551,109.0,6.7,607,2,2005,0,0,0,1,0,0,1,0,0,0
Baby Mama,30000000,11.409124,99.0,5.8,205,1,2008,0,1,0,0,0,0,0,0,0,0
Bride Wars,30000000,33.385428999999995,89.0,5.9,856,1,2009,0,1,0,0,0,0,0,0,0,0
Without a Paddle,19000000,8.584398,95.0,5.3,214,4,2004,0,1,1,1,0,1,0,0,0,0
13 Going on 30,37000000,41.569541,98.0,6.3,1204,3,2004,0,1,0,0,1,0,0,0,0,0
Midnight in Paris,30000000,43.753585,94.0,7.4,1990,3,2011,0,1,0,0,1,0,0,0,0,0
Blow,53000000,28.350529,124.0,7.4,1317,2,2001,1,0,0,0,0,0,1,0,0,0
Message in a Bottle,80000000,10.81051,131.0,5.8,196,2,1999,1,0,0,0,1,0,0,0,0,0
Star Trek V: The Final Frontier,30000000,19.578249,107.0,5.6,376,5,1989,0,0,1,1,0,1,0,1,1,0
The Naked Gun 33⅓: The Final Insult,30000000,28.624038,83.0,6.3,521,2,1994,0,1,0,0,0,0,1,0,0,0
A View to a Kill,30000000,27.230493,131.0,6.0,506,3,1985,0,0,1,1,0,1,0,0,0,0
The Curse of the Were-Rabbit,30000000,30.380747,85.0,6.8,643,4,2005,0,1,0,0,0,1,0,0,0,0
P.S. I Love You,30000000,29.489274,126.0,6.9,977,2,2007,1,0,0,0,1,0,0,0,0,0
Racing Stripes,30000000,8.058109,102.0,5.1,123,1,2005,0,1,0,0,0,0,0,0,0,0
Atonement,30000000,33.369305,123.0,7.4,1049,2,2007,1,0,0,0,1,0,0,0,0,0
Black Rain,30000000,11.19602,125.0,6.2,243,3,1989,0,0,1,1,0,0,1,0,0,0
The Three Stooges,30000000,14.585968,92.0,4.9,140,1,2012,0,1,0,0,0,0,0,0,0,0
Corpse Bride,40000000,43.571612,77.0,7.2,1894,4,2005,0,0,0,0,1,0,0,0,0,0
Sicario,30000000,55.424027,121.0,7.2,2416,5,2015,1,0,1,1,0,0,1,0,0,0
Southpaw,30000000,65.364452,123.0,7.3,2067,2,2015,1,0,0,1,0,0,0,0,0,0
Drag Me to Hell,30000000,45.083509,99.0,6.2,966,2,2009,0,0,1,0,0,0,0,0,0,1
The Age of Adaline,25000000,82.05205600000002,112.0,7.4,1990,3,2015,1,0,0,0,1,0,0,0,0,0
Step Up 3D,30000000,25.060342,107.0,6.6,582,2,2010,1,0,0,0,1,0,0,0,0,0
Blue Crush,25000000,11.42943,104.0,5.6,159,1,2002,0,0,0,0,0,1,0,0,0,0
Stranger Than Fiction,30000000,32.26789,113.0,7.1,721,4,2006,1,1,0,0,1,0,0,0,0,0
30 Days of Night,30000000,33.394082,113.0,6.2,767,2,2007,0,0,1,0,0,0,0,0,0,1
The Cabin in the Woods,30000000,73.987775,95.0,6.5,2263,2,2012,0,0,1,0,0,0,0,0,0,1
Meet the Spartans,30000000,10.608998,84.0,3.7,359,1,2008,0,1,0,0,0,0,0,0,0,0
Midnight Run,30000000,12.821329,126.0,7.2,238,3,1988,0,1,0,0,0,1,1,0,0,0
The Running Man,27000000,30.131498,101.0,6.4,703,3,1987,0,0,0,1,0,0,0,1,1,0
Little Shop of Horrors,25000000,12.113235,94.0,6.6,384,3,1986,0,1,0,0,0,0,0,0,0,1
Hanna,30000000,31.191975,111.0,6.5,1263,3,2011,0,0,1,1,0,1,0,0,0,0
Mortal Kombat: Annihilation,30000000,11.916389,95.0,3.8,221,4,1997,0,0,0,1,0,0,0,1,1,0
Larry Crowne,30000000,20.355458,98.0,5.7,359,3,2011,1,1,0,0,1,0,0,0,0,0
Carrie,30000000,63.848541,100.0,5.8,1463,2,2013,1,0,0,0,0,0,0,0,0,1
Take the Lead,30000000,8.999675,108.0,6.6,162,1,2006,0,0,0,0,0,0,0,0,0,0
Gridiron Gang,30000000,9.278361,125.0,6.5,206,4,2006,1,0,0,1,0,1,1,0,0,0
9,30000000,55.806402,79.0,6.6,1262,6,2009,0,0,1,1,0,1,0,1,1,0
Side Effects,30000000,48.237797,106.0,6.4,1323,3,2013,1,0,1,0,0,0,1,0,0,0
Winnie the Pooh,30000000,19.143721,63.0,6.8,258,2,2011,0,0,0,0,0,0,0,0,0,0
Dumb and Dumberer: When Harry Met Lloyd,19000000,15.67747,85.0,4.1,210,1,2003,0,1,0,0,0,0,0,0,0,0
Bulworth,30000000,4.523630000000002,108.0,6.3,66,2,1998,1,1,0,0,0,0,0,0,0,0
Virtuosity,30000000,5.301589,106.0,5.4,163,5,1995,0,0,1,1,0,0,1,1,1,0
Sanctum,30000000,20.063165,108.0,5.8,339,2,2011,0,0,1,1,0,0,0,0,0,0
Little Black Book,35000000,6.246199,111.0,5.2,112,3,2004,1,1,0,0,1,0,0,0,0,0
The Five-Year Engagement,30000000,27.71063,124.0,5.7,457,1,2012,0,1,0,0,0,0,0,0,0,0
Mr. 3000,30000000,2.850896,104.0,5.0,66,2,2004,1,1,0,0,0,0,0,0,0,0
The Next Three Days,30000000,34.421696000000004,133.0,6.9,905,4,2010,1,0,1,0,1,0,1,0,0,0
Ultraviolet,30000000,15.89534,87.0,4.8,458,4,2006,0,0,1,1,0,0,0,1,1,0
Assault on Precinct 13,30000000,18.706504,109.0,6.0,311,1,2005,0,0,1,0,0,0,0,0,0,0
The Replacement Killers,30000000,9.607391,87.0,6.0,127,4,1998,1,0,1,1,0,0,1,0,0,0
Fled,25000000,2.77255,98.0,5.2,47,3,1996,0,1,1,1,0,0,0,0,0,0
Love & Other Drugs,30000000,20.236951,112.0,6.6,1233,3,2010,1,1,0,0,1,0,0,0,0,0
88 Minutes,30000000,16.883429,108.0,5.7,313,3,2007,0,0,1,0,0,0,1,0,0,0
North Country,35000000,12.779201,126.0,6.8,125,1,2005,1,0,0,0,0,0,0,0,0,0
The Whole Ten Yards,40000000,14.729385999999998,98.0,5.5,278,3,2004,0,1,1,0,0,0,1,0,0,0
Howard the Duck,37000000,11.374306,110.0,5.1,221,4,1986,0,1,0,0,0,0,0,1,1,0
Pride and Glory,30000000,10.703602,130.0,6.3,240,3,2008,1,0,1,0,0,0,1,0,0,0
The Cave,30000000,10.756266,97.0,5.1,202,4,2005,0,0,1,1,0,1,0,0,0,1
Alex & Emma,30000000,4.352422,96.0,5.0,68,2,2003,0,1,0,0,1,0,0,0,0,0
Wicker Park,30000000,9.301562,114.0,6.7,157,4,2004,1,0,1,0,1,0,0,0,0,0
Fright Night,17000000,18.27083,106.0,6.0,603,2,2011,0,1,0,0,0,0,0,0,0,1
The New World,30000000,19.106154,135.0,6.4,330,3,2005,1,0,0,0,1,0,0,0,0,0
Godsend,25000000,12.10235,102.0,4.7,114,5,2004,1,0,1,0,0,0,0,1,1,1
Chasing Liberty,23000000,3.362045,111.0,6.1,152,2,2004,0,1,0,0,1,0,0,0,0,0
Hoodwinked Too! Hood VS. Evil,30000000,10.694417,86.0,4.8,131,3,2011,0,1,0,0,0,0,0,0,0,0
An Unfinished Life,30000000,6.353971,108.0,6.7,161,1,2005,1,0,0,0,0,0,0,0,0,0
The Imaginarium of Doctor Parnassus,30000000,37.181019,123.0,6.3,869,3,2009,0,0,0,0,0,1,0,0,0,0
Barney's Version,30000000,4.952735,134.0,7.2,129,2,2010,1,1,0,0,0,0,0,0,0,0
Runner Runner,30000000,22.975918,91.0,5.5,543,3,2013,1,0,1,0,0,0,1,0,0,0
Antitrust,30000000,8.359599000000001,108.0,5.8,153,3,2001,1,0,0,1,0,0,1,0,0,0
Glory,18000000,16.102271,122.0,7.4,383,1,1989,0,0,0,0,0,0,0,0,0,0
Miss Potter,30000000,8.386432000000001,92.0,6.3,141,3,2006,1,0,0,0,1,0,0,0,0,0
DOA: Dead or Alive,21000000,12.790408,87.0,5.0,205,3,2006,0,0,1,1,0,1,0,0,0,0
The Assassination of Jesse James by the Coward Robert Ford,30000000,35.53352,160.0,7.0,776,3,2007,1,0,0,1,0,0,0,0,0,0
1911,30000000,4.065212,125.0,5.0,41,5,2011,1,0,0,1,0,1,0,0,0,0
Machine Gun Preacher,30000000,13.268935999999998,129.0,6.4,286,3,2011,0,0,1,1,0,0,1,0,0,0
Sausage Party,19000000,66.242737,83.0,5.6,2238,4,2016,0,1,0,0,0,1,0,0,0,0
Pitch Perfect 2,29000000,71.496894,115.0,6.8,1940,2,2015,0,1,0,0,0,0,0,0,0,0
Walk the Line,28000000,35.580032,136.0,7.3,718,3,2005,1,0,0,0,1,0,0,0,0,0
Keeping the Faith,30000000,8.085872,127.0,5.9,159,1,2000,0,1,0,0,0,0,0,0,0,0
Confessions of a Dangerous Mind,30000000,18.165957,113.0,6.6,275,5,2002,1,1,1,0,1,0,1,0,0,0
Serving Sara,29000000,8.93941,100.0,5.0,85,2,2002,0,1,0,0,1,0,0,0,0,0
The Boss,29000000,20.55509,91.0,5.5,431,1,2016,0,1,0,0,0,0,0,0,0,0
Seed of Chucky,12000000,12.653831,87.0,4.9,287,3,2004,1,1,0,0,0,0,0,0,0,1
The Jacket,29000000,24.240361,103.0,6.8,455,4,2005,1,0,1,0,0,0,0,0,0,0
Aladdin,28000000,92.982009,90.0,7.4,3416,5,1992,0,1,0,0,0,1,0,0,0,0
Straight Outta Compton,28000000,61.76233000000001,147.0,7.7,1355,2,2015,1,0,0,0,0,0,0,0,0,0
Indiana Jones and the Temple of Doom,28000000,66.976776,118.0,7.1,2781,2,1984,0,0,0,1,0,1,0,0,0,0
The Rugrats Movie,30000000,7.981116,79.0,5.7,147,2,1998,0,0,0,0,0,0,0,0,0,0
Along Came a Spider,60000000,21.252797,104.0,6.1,400,4,2001,0,0,1,1,0,0,1,0,0,0
Florence Foster Jenkins,29000000,19.237254,110.0,6.6,392,2,2016,1,1,0,0,0,0,0,0,0,0
Once Upon a Time in Mexico,29000000,27.55564600000001,102.0,6.2,594,1,2003,0,0,0,1,0,0,0,0,0,0
Die Hard,28000000,66.169628,131.0,7.5,3948,2,1988,0,0,1,1,0,0,0,0,0,0
Role Models,28000000,24.917665,99.0,6.4,564,1,2008,0,1,0,0,0,0,0,0,0,0
The Big Short,28000000,57.518472,130.0,7.3,2607,2,2015,1,1,0,0,0,0,0,0,0,0
Miracle,28000000,7.534003,135.0,7.0,159,2,2004,1,0,0,0,0,0,0,0,0,0
Dawn of the Dead,28000000,44.529429,101.0,6.8,1016,3,2004,0,0,0,1,0,0,0,0,0,1
The Wedding Planner,35000000,14.949395,103.0,5.5,427,1,2001,0,1,0,0,0,0,0,0,0,0
Space Pirate Captain Harlock,30000000,14.726338,115.0,6.5,356,3,2013,0,0,0,0,0,0,0,1,1,0
The Royal Tenenbaums,21000000,24.13081,110.0,7.4,1286,2,2001,1,1,0,0,0,0,0,0,0,0
Identity,30000000,45.915165,90.0,7.1,1061,2,2003,0,0,1,0,0,0,0,0,0,0
Last Vegas,28000000,28.04350800000001,105.0,6.4,799,1,2013,0,1,0,0,0,0,0,0,0,0
For Your Eyes Only,28000000,26.090746,127.0,6.3,490,3,1981,0,0,1,1,0,1,0,0,0,0
Serendipity,28000000,14.530803,90.0,6.6,521,2,2001,0,1,0,0,1,0,0,0,0,0
Timecop,27000000,13.308127,99.0,5.5,282,5,1994,0,0,1,1,0,0,1,1,1,0
Zoolander,28000000,38.0958,89.0,6.1,1337,1,2001,0,1,0,0,0,0,0,0,0,0
Safe Haven,28000000,37.729059,115.0,6.9,823,1,2013,0,0,0,0,1,0,0,0,0,0
Hocus Pocus,28000000,18.650748,96.0,6.4,471,3,1993,0,1,0,0,0,0,0,0,0,0
No Reservations,28000000,15.794946,104.0,6.1,327,1,2007,0,1,0,0,0,0,0,0,0,0
Kick-Ass,28000000,45.054936,117.0,7.1,4645,2,2010,0,0,0,1,0,0,1,0,0,0
30 Minutes or Less,28000000,25.039383,83.0,5.6,531,3,2011,0,1,0,1,0,1,0,0,0,0
Dracula 2000,28000000,6.7567710000000005,99.0,4.6,148,2,2000,0,0,1,0,0,0,0,0,0,1
"Alexander and the Terrible, Horrible, No Good, Very Bad Day",28000000,22.14595,81.0,6.1,493,2,2014,0,1,0,0,0,0,0,0,0,0
Pride & Prejudice,28000000,36.58383,135.0,7.7,1358,2,2005,1,0,0,0,1,0,0,0,0,0
Blade Runner,28000000,94.056131,117.0,7.9,3509,4,1982,1,0,1,0,0,0,0,1,1,0
Rob Roy,28000000,10.703456,139.0,6.5,148,1,1995,0,0,0,0,0,1,0,0,0,0
3 Days to Kill,28000000,41.638961,113.0,6.0,883,4,2014,1,0,1,1,0,0,1,0,0,0
We Own the Night,21000000,14.518707999999998,117.0,6.5,323,3,2007,1,0,1,0,0,0,1,0,0,0
Winged Migration,35866397,3.75074,98.0,7.0,49,1,2001,0,0,0,0,0,0,0,0,0,0
Just My Luck,28000000,22.074306,103.0,5.8,491,5,2006,1,1,0,0,1,0,0,0,0,0
"Mystery, Alaska",28000000,4.436792,119.0,6.0,69,2,1999,1,1,0,0,0,0,0,0,0,0
The Spy Next Door,28000000,14.639323999999998,94.0,5.5,345,3,2010,0,1,0,1,0,0,0,0,0,0
A Simple Wish,28000000,1.767479,86.0,5.5,46,4,1997,0,1,0,0,0,1,0,0,0,0
Ghosts of Mars,28000000,13.145205,98.0,4.8,296,4,2001,0,0,0,1,0,0,0,1,1,1
Our Brand Is Crisis,28000000,12.921594,108.0,5.8,195,2,2015,1,1,0,0,0,0,0,0,0,0
Pride and Prejudice and Zombies,28000000,28.397048,108.0,5.5,640,4,2016,0,1,1,0,1,0,0,0,0,1
Kundun,28000000,7.039189,134.0,6.8,91,1,1997,1,0,0,0,0,0,0,0,0,0
How to Lose Friends & Alienate People,27000000,16.785866,110.0,6.2,244,3,2008,1,1,0,0,1,0,0,0,0,0
Kick-Ass 2,28000000,40.28635,103.0,6.3,2224,3,2013,0,0,0,1,0,1,1,0,0,0
Alatriste,24000000,6.0096440000000015,145.0,5.6,61,1,2006,0,0,0,1,0,0,0,0,0,0
Brick Mansions,28000000,25.520976,90.0,5.7,615,3,2014,1,0,0,1,0,0,1,0,0,0
Octopussy,27500000,25.633663,131.0,6.2,527,3,1983,0,0,1,1,0,1,0,0,0,0
Knocked Up,30000000,22.527211,129.0,6.2,1214,3,2007,1,1,0,0,1,0,0,0,0,0
My Sister's Keeper,30000000,24.09152000000001,109.0,7.1,598,1,2009,1,0,0,0,0,0,0,0,0,0
Welcome Home Roscoe Jenkins,35000000,6.248273,114.0,5.7,57,2,2008,1,1,0,0,0,0,0,0,0,0
A Passage to India,8000000,9.548391,163.0,6.9,67,3,1984,1,0,0,0,0,1,0,0,0,0
Notes on a Scandal,15000000,12.576381,92.0,6.9,235,2,2006,1,0,0,0,1,0,0,0,0,0
Rendition,27500000,12.741073,120.0,6.2,205,2,2007,1,0,1,0,0,0,0,0,0,0
Star Trek VI: The Undiscovered Country,27000000,16.188572,113.0,6.7,413,5,1991,0,0,1,1,0,1,0,1,1,0
Kiss the Girls,27000000,18.913,115.0,6.2,345,4,1997,1,0,1,0,0,0,1,0,0,0
The Blues Brothers,27000000,44.714264,133.0,7.5,1065,4,1980,0,1,0,1,0,0,1,0,0,0
The Sisterhood of the Traveling Pants 2,27000000,11.870301,117.0,6.0,238,4,2008,1,1,0,0,0,1,0,0,0,0
About a Boy,27000000,28.22798400000001,101.0,6.6,607,3,2002,1,1,0,0,1,0,0,0,0,0
Lake Placid,27000000,11.678561,82.0,5.5,247,6,1999,0,1,1,1,0,0,0,1,1,1
Lucky Number Slevin,27000000,36.921445,110.0,7.4,1323,4,2006,1,0,1,0,0,0,1,0,0,0
The Right Stuff,27000000,17.567332,193.0,7.3,235,2,1983,1,0,0,0,0,0,0,0,0,0
Anonymous,30000000,16.698316000000002,130.0,6.3,288,3,2011,1,0,1,0,0,0,0,0,0,0
The NeverEnding Story,27000000,47.862016,102.0,7.0,1002,4,1984,1,0,0,0,0,1,0,0,0,0
Dark City,27000000,39.324831,100.0,7.2,828,3,1998,0,0,0,0,0,0,0,1,1,0
Return to Oz,25000000,5.650125,109.0,6.7,120,3,1985,0,0,0,0,0,1,0,0,0,0
The Newton Boys,27000000,3.123583,113.0,5.9,44,3,1998,1,0,0,1,0,0,1,0,0,0
Case 39,27000000,23.917982,109.0,6.1,563,3,2009,0,0,1,0,0,0,0,0,0,1
Suspect Zero,27000000,8.715822,99.0,5.5,98,2,2004,0,0,1,0,0,0,1,0,0,0
Spy Kids: All the Time in the World,27000000,14.788073,89.0,4.4,222,3,2011,0,1,0,1,0,0,0,0,0,0
Money Monster,27000000,38.279458,98.0,6.5,1068,1,2016,0,0,1,0,0,0,0,0,0,0
The 51st State,28,9.670031,93.0,5.9,173,4,2001,0,1,1,1,0,0,1,0,0,0
Mindhunters,27000000,17.193659,106.0,6.3,333,3,2004,0,0,1,0,0,0,1,0,0,0
What Just Happened,25000000,8.31653,104.0,5.2,127,2,2008,1,1,0,0,0,0,0,0,0,0
Paul Blart: Mall Cop,26000000,31.25038300000001,91.0,5.2,788,4,2009,0,1,0,1,0,1,0,0,0,0
Freaky Friday,26000000,24.345651,97.0,6.0,879,1,2003,0,1,0,0,0,0,0,0,0,0
The 40 Year Old Virgin,26000000,38.473732,116.0,6.2,1983,2,2005,0,1,0,0,1,0,0,0,0,0
Shakespeare in Love,25000000,31.792964,122.0,6.8,796,2,1998,0,0,0,0,1,0,0,0,0,0
A Walk Among the Tombstones,28000000,61.309619,113.0,6.2,1131,4,2014,1,0,1,0,0,0,1,0,0,0
Kindergarten Cop,15000000,5.411154,111.0,5.8,628,1,1990,0,1,0,0,0,0,0,0,0,0
Pineapple Express,27000000,41.832392,111.0,6.6,1148,2,2008,0,1,0,1,0,0,0,0,0,0
Ever After: A Cinderella Story,26000000,21.988861,121.0,6.8,399,3,1998,1,1,0,0,1,0,0,0,0,0
Open Range,22000000,19.068175,139.0,7.0,262,1,2003,0,0,0,0,0,0,0,0,0,0
Flatliners,26000000,24.114459,115.0,6.3,404,5,1990,1,0,1,0,0,0,0,1,1,1
A Bridge Too Far,22000000,20.256571,175.0,6.9,207,3,1977,1,0,0,0,0,0,0,0,0,0
Red Eye,26000000,8.802626,85.0,6.2,455,2,2005,0,0,1,0,0,0,0,0,0,1
Final Destination 2,26000000,37.355826,90.0,5.9,1023,2,2003,0,0,0,0,0,0,0,0,0,1
"O Brother, Where Art Thou?",26000000,39.742009,106.0,7.3,1112,3,2000,0,1,0,1,0,1,0,0,0,0
Legion,26000000,30.981604,100.0,5.2,629,1,2010,0,0,0,0,0,0,0,0,0,1
Pain & Gain,25000000,31.893932,130.0,6.1,1573,3,2013,0,0,1,1,0,0,1,0,0,0
Clockstoppers,26000000,5.894163,94.0,4.9,89,5,2002,0,0,1,0,0,1,0,1,1,0
Brothers,26000000,22.07638,104.0,6.8,633,3,2009,1,0,1,0,0,0,0,0,0,0
Agent Cody Banks 2: Destination London,26000000,10.925618,100.0,5.2,144,1,2004,0,1,0,0,0,0,0,0,0,0
New Year's Eve,56000000,21.219292000000006,118.0,5.7,718,2,2011,0,1,0,0,1,0,0,0,0,0
Original Sin,42000000,14.831402,118.0,5.8,198,4,2001,1,0,1,0,1,0,0,0,0,0
The Raven,26000000,22.520842,111.0,6.1,426,3,2012,0,0,1,0,0,0,1,0,0,0
Welcome to Mooseport,30000000,3.3140940000000003,110.0,4.8,54,1,2004,0,1,0,0,0,0,0,0,0,0
Highlander: The Final Dimension,26000000,7.964450999999999,99.0,4.5,110,4,1994,0,0,0,1,0,0,0,1,1,0
Flipper,25530000,4.475007,95.0,5.3,84,2,1996,0,0,0,0,0,1,0,0,0,0
Self/less,26000000,66.097437,116.0,6.3,1091,4,2015,0,0,1,0,0,0,0,1,1,0
The Constant Gardener,25000000,20.679652,129.0,6.8,417,3,2005,1,0,1,0,0,0,0,0,0,0
The Passion of the Christ,30000000,38.171417,127.0,6.9,864,1,2004,1,0,0,0,0,0,0,0,0,0
Mrs. Doubtfire,25000000,30.884535,125.0,7.0,1591,3,1993,1,1,0,0,0,0,0,0,0,0
Rain Man,25000000,49.510658,133.0,7.6,1709,1,1988,1,0,0,0,0,0,0,0,0,0
Gran Torino,33000000,50.7453,116.0,7.8,3086,1,2008,1,0,0,0,0,0,0,0,0,0
W.,25100000,10.445391,131.0,6.1,143,2,2008,1,0,0,0,0,0,0,0,0,0
Taken,25000000,80.879032,93.0,7.2,4369,2,2008,0,0,1,1,0,0,0,0,0,0
The Best of Me,26000000,33.93914,117.0,7.2,765,2,2014,1,0,0,0,1,0,0,0,0,0
The Bodyguard,25000000,26.576385,129.0,6.1,661,5,1992,1,0,1,1,1,0,0,0,0,0
Schindler's List,22000000,104.469351,195.0,8.3,4329,3,1993,1,0,0,0,0,0,0,0,0,0
The Help,25000000,42.191509,146.0,7.8,1910,1,2011,1,0,0,0,0,0,0,0,0,0
The Fifth Estate,28000000,20.267062,128.0,5.7,364,2,2013,1,0,1,0,0,0,0,0,0,0
Freddy vs. Jason,30000000,26.69592,97.0,5.8,594,1,2003,0,0,0,0,0,0,0,0,0,1
Jimmy Neutron: Boy Genius,25000000,12.739721,83.0,5.6,231,5,2001,0,1,0,1,0,1,0,0,0,0
Cloverfield,25000000,46.942396,85.0,6.4,2251,4,2008,0,0,1,1,0,0,0,1,1,0
Teenage Mutant Ninja Turtles II: The Secret of the Ooze,25000000,15.505137,88.0,5.8,286,6,1991,0,1,0,1,0,1,0,1,1,0
The Untouchables,25000000,38.272889,119.0,7.6,1384,4,1987,1,0,1,0,0,0,1,0,0,0
No Country for Old Men,25000000,53.645267,122.0,7.7,3003,3,2007,1,0,1,0,0,0,1,0,0,0
Ride Along,25000000,28.468000000000004,99.0,6.1,853,2,2014,0,1,0,1,0,0,0,0,0,0
Bridget Jones's Diary,25000000,35.310712,97.0,6.5,1356,3,2001,1,1,0,0,1,0,0,0,0,0
Chocolat,25000000,28.727731,121.0,6.8,951,3,2000,1,1,0,0,1,0,0,0,0,0
"Legally Blonde 2: Red, White & Blonde",45000000,4.340616000000002,95.0,5.1,377,1,2003,0,1,0,0,0,0,0,0,0,0
Parental Guidance,25000000,14.604910999999998,104.0,5.7,210,1,2012,0,1,0,0,0,0,0,0,0,0
No Strings Attached,25000000,38.688822,107.0,6.1,1331,2,2011,0,1,0,0,1,0,0,0,0,0
Tombstone,25000000,30.537845,130.0,7.4,626,5,1993,1,0,0,1,0,1,0,0,0,0
Romeo Must Die,25000000,19.750059,115.0,6.0,330,3,2000,0,0,1,1,0,0,1,0,0,0
The Omen,2800000,25.939385,111.0,7.2,476,2,1976,0,0,1,0,0,0,0,0,0,1
Final Destination 3,25000000,31.64341,93.0,5.8,974,2,2006,0,0,0,0,0,0,0,0,0,1
The Lucky One,25000000,26.811541,101.0,6.8,946,2,2012,1,0,0,0,1,0,0,0,0,0
Bridge to Terabithia,60000000,40.646102,96.0,7.0,1113,3,2007,1,0,0,0,0,1,0,0,0,0
Finding Neverland,25000000,34.160447999999995,106.0,7.2,1223,1,2004,1,0,0,0,0,0,0,0,0,0
The Grey,25000000,48.552871,117.0,6.4,1451,3,2012,1,0,1,1,0,0,0,0,0,0
Hide and Seek,25000000,18.228538,101.0,6.1,440,3,2005,0,0,1,0,0,0,0,0,0,1
Anchorman: The Legend of Ron Burgundy,26000000,29.342744,94.0,6.7,1493,1,2004,0,1,0,0,0,0,0,0,0,0
GoodFellas,25000000,63.65424399999999,145.0,8.2,3128,2,1990,1,0,0,0,0,0,1,0,0,0
Agent Cody Banks,28000000,11.859396,102.0,5.0,284,1,2003,0,0,0,1,0,0,0,0,0,0
Nanny McPhee,25000000,24.356483,97.0,6.4,711,3,2005,0,1,0,0,0,0,0,0,0,0
Scarface,25000000,70.105981,170.0,8.0,2948,4,1983,1,0,1,1,0,0,1,0,0,0
The Last Emperor,23000000,21.189028,163.0,7.4,355,2,1987,1,0,0,0,0,0,0,0,0,0
Contraband,25000000,31.364901,109.0,6.1,770,4,2012,1,0,1,1,0,0,1,0,0,0
There Will Be Blood,25000000,37.817905,158.0,7.9,1537,1,2007,1,0,0,0,0,0,0,0,0,0
Undercover Brother,25000000,6.086083,86.0,5.5,112,2,2002,0,1,0,1,0,0,0,0,0,0
The Sisterhood of the Traveling Pants,25000000,17.17372,119.0,6.3,386,2,2005,1,1,0,0,0,0,0,0,0,0
Kiss of the Dragon,25000000,16.936576000000002,98.0,6.4,298,3,2001,0,0,1,1,0,0,1,0,0,0
The House Bunny,25000000,25.838073,97.0,5.6,529,2,2008,0,1,0,0,1,0,0,0,0,0
Beauty Shop,25000000,5.625632,105.0,5.4,115,2,2005,0,1,0,0,1,0,0,0,0,0
Million Dollar Arm,25000000,17.312433,124.0,6.6,259,1,2014,1,0,0,0,0,0,0,0,0,0
The Giver,25000000,53.811461,94.0,6.4,1798,3,2014,1,0,0,0,0,0,0,1,1,0
Jeepers Creepers 2,17000000,19.045146,104.0,5.5,299,2,2003,0,0,1,0,0,0,0,0,0,1
Good Luck Chuck,25000000,21.729434,101.0,5.5,444,3,2007,1,1,0,0,1,0,0,0,0,0
Cradle 2 the Grave,25000000,12.837116,101.0,5.8,236,3,2003,1,0,0,1,0,0,1,0,0,0
The Hours,25000000,20.953265,114.0,7.0,451,1,2002,1,0,0,0,0,0,0,0,0,0
She's the Man,20000000,10.81439,105.0,6.4,671,4,2006,1,1,0,0,1,0,0,0,0,0
Mr. Bean's Holiday,25000000,27.683874,90.0,6.1,663,2,2007,0,1,0,0,0,0,0,0,0,0
Anacondas: The Hunt for the Blood Orchid,20000000,9.855474,97.0,4.9,199,6,2004,0,0,1,1,0,1,0,1,1,1
Blood Ties,25500000,12.756344,128.0,6.0,171,3,2013,1,0,1,0,0,0,1,0,0,0
August Rush,25000000,29.533437,114.0,7.1,797,1,2007,1,0,0,0,0,0,0,0,0,0
Elizabeth,30000000,14.179538,124.0,7.1,334,2,1998,1,0,0,0,0,0,0,0,0,0
Bride of Chucky,25000000,14.340095000000002,89.0,5.5,350,2,1998,0,1,0,0,0,0,0,0,0,1
Tora! Tora! Tora!,25485000,9.795985,144.0,6.9,147,5,1970,1,0,0,1,0,1,0,0,0,0
Spice World,25000000,6.889436999999999,93.0,4.7,123,5,1997,1,1,0,0,0,1,0,0,0,0
The Sitter,25000000,19.428994,81.0,5.4,325,1,2011,0,1,0,0,0,0,0,0,0,0
The Shawshank Redemption,25000000,136.747729,142.0,8.5,8205,2,1994,1,0,0,0,0,0,1,0,0,0
Crocodile Dundee in Los Angeles,21150000,6.081772,92.0,4.7,146,2,2001,0,1,0,0,0,1,0,0,0,0
Kingpin,27000000,17.329269,113.0,6.7,244,1,1996,0,1,0,0,0,0,0,0,0,0
The Gambler,25000000,22.622453,111.0,5.7,543,3,2014,1,0,1,0,0,0,1,0,0,0
August: Osage County,25000000,20.561682,121.0,6.9,483,2,2013,1,1,0,0,0,0,0,0,0,0
Ice Princess,25000000,13.288177,98.0,5.9,185,3,2005,1,1,0,0,0,0,0,0,0,0
A Lot Like Love,30000000,19.212552,107.0,6.5,318,1,2005,0,1,0,0,0,0,0,0,0,0
Eddie the Eagle,23000000,29.365851,106.0,7.2,661,3,2016,1,1,0,0,0,0,0,0,0,0
He Got Game,25000000,10.232599,136.0,6.7,134,1,1998,1,0,0,0,0,0,0,0,0,0
Don Juan DeMarco,25000000,8.870614,97.0,6.2,183,3,1994,1,1,0,0,1,0,0,0,0,0
Dear John,25000000,19.402816,115.0,6.6,1262,3,2010,1,0,0,0,1,0,0,0,0,0
The Losers,25000000,24.903418,97.0,6.2,515,5,2010,0,0,1,1,0,1,1,0,0,0
Don't Be Afraid of the Dark,25000000,14.562197,99.0,5.4,341,3,2010,0,0,1,0,0,0,0,0,0,1
War,25000000,18.896239,103.0,6.0,414,3,2007,0,0,1,1,0,0,1,0,0,0
Punch-Drunk Love,25000000,15.960916,95.0,6.9,530,3,2002,1,1,0,0,1,0,0,0,0,0
EuroTrip,25000000,25.848003,93.0,6.5,656,1,2004,0,1,0,0,0,0,0,0,0,0
The Greatest Game Ever Played,25000000,7.538513000000001,120.0,6.9,110,2,2005,1,0,0,0,0,0,0,0,0,0
The Box,30000000,21.60600100000001,115.0,5.4,597,3,2009,0,0,1,0,0,0,0,1,1,0
The Next Best Thing,25000000,3.707511,108.0,4.3,29,1,2000,0,1,0,0,0,0,0,0,0,0
My Soul to Take,25000000,7.001175999999999,107.0,5.2,147,4,2010,1,0,1,0,0,0,0,0,0,1
The Girl Next Door,25000000,39.784026,108.0,6.3,824,1,2004,0,1,0,0,0,0,0,0,0,0
Maximum Risk,25000000,10.115011,100.0,5.2,101,3,1996,0,0,1,1,0,1,0,0,0,0
Legend,25000000,32.854557,131.0,6.7,973,2,2015,0,0,1,0,0,0,1,0,0,0
Shark Night,28000000,8.363702,91.0,4.9,132,2,2011,0,0,1,0,0,0,0,0,0,1
Angela's Ashes,25,4.88794,145.0,7.0,59,1,1999,1,0,0,0,0,0,0,0,0,0
Draft Day,25000000,14.17009,109.0,6.5,304,1,2014,1,0,0,0,0,0,0,0,0,0
The Conspirator,25000000,9.169271,122.0,6.2,137,3,2010,1,0,0,0,0,0,1,0,0,0
Lords of Dogtown,25000000,8.127728,107.0,7.0,210,1,2005,1,0,0,0,0,0,0,0,0,0
The 33,25000000,10.699952,120.0,6.0,378,2,2015,1,0,0,0,0,0,0,0,0,0
Big Trouble in Little China,25000000,29.796394,99.0,7.1,705,4,1986,0,1,0,1,0,1,0,0,0,0
Warrior,25000000,51.915025,140.0,7.7,1272,2,2011,1,0,0,1,0,0,0,0,0,0
Michael Collins,28000000,8.314624,132.0,6.7,97,2,1996,1,0,1,0,0,0,0,0,0,0
Stop-Loss,25000000,4.002579,113.0,6.1,82,2,2008,1,0,0,0,0,0,0,0,0,0
Abandon,25000000,3.888776,99.0,4.6,45,3,2002,1,0,1,0,0,0,0,0,0,0
Brokedown Palace,25000000,7.296459,100.0,6.2,111,2,1999,1,0,1,0,0,0,0,0,0,0
The Possession,14000000,21.680424,92.0,5.8,498,2,2012,0,0,1,0,0,0,0,0,0,1
Mrs. Winterbourne,25000000,7.9467690000000015,105.0,5.3,25,3,1996,1,1,0,0,1,0,0,0,0,0
Straw Dogs,25000000,7.473455,110.0,5.5,144,2,2011,1,0,1,0,0,0,0,0,0,0
The Hoax,25000000,5.073536,116.0,6.4,60,2,2006,1,1,0,0,0,0,0,0,0,0
The Road,32000000,41.075532,111.0,6.8,1087,2,2009,1,0,0,0,0,1,0,0,0,0
Sheena,25000000,4.020194,117.0,5.0,22,6,1984,0,1,0,1,0,1,0,1,1,0
Tank Girl,25000000,8.186936,98.0,5.5,138,5,1995,0,1,0,1,0,0,0,1,1,0
Blindness,25000000,17.603823000000006,121.0,6.4,387,5,2008,1,0,1,0,0,0,0,1,1,0
BloodRayne,25000000,7.008216,95.0,3.5,118,4,2005,0,0,0,1,0,1,0,0,0,1
Carnage,25000000,20.011435,80.0,7.0,738,2,2011,1,1,0,0,0,0,0,0,0,0
Without Limits,25000000,3.849873,117.0,6.2,19,1,1998,1,0,0,0,0,0,0,0,0,0
Me and Orson Welles,25000000,3.593165,114.0,6.6,49,3,2009,1,1,0,0,1,0,0,0,0,0
The Best Offer,13500000,30.058263,124.0,7.7,704,4,2013,1,0,0,0,1,0,1,0,0,0
The Bad Lieutenant: Port of Call - New Orleans,25000000,17.339852,122.0,6.0,326,2,2009,1,0,0,0,0,0,1,0,0,0
Little White Lies,25000000,15.279020999999998,154.0,7.1,380,2,2010,1,1,0,0,0,0,0,0,0,0
Space Dogs,25000000,5.753564,85.0,6.3,10,2,2010,0,0,0,0,0,0,0,0,0,0
The Counselor,25000000,35.022029,117.0,5.0,712,3,2013,1,0,1,0,0,0,1,0,0,0
Waterloo,25000000,1.894749,128.0,7.0,31,3,1970,1,0,0,1,0,0,0,0,0,0
Dangerous Liaisons,14000000,14.480628,119.0,7.0,257,2,1988,1,0,0,0,1,0,0,0,0,0
On the Road,25000000,14.613152,137.0,5.5,301,2,2012,1,0,0,0,0,1,0,0,0,0
Star Trek IV: The Voyage Home,24000000,22.258428,119.0,6.9,477,3,1986,0,0,0,0,0,1,0,1,1,0
Rocky Balboa,24000000,30.445257,102.0,6.5,835,1,2006,1,0,0,0,0,0,0,0,0,0
Scream 2,24000000,35.244037,120.0,6.1,840,2,1997,0,0,0,0,0,0,0,0,0,1
Jane Got a Gun,25000000,15.333575,98.0,5.4,285,3,2016,1,0,0,1,0,0,0,0,0,0
Think Like a Man Too,24000000,15.237142,105.0,6.4,225,2,2014,0,1,0,0,1,0,0,0,0,0
The Whole Nine Yards,41300000,23.441135,98.0,6.2,531,2,2000,0,1,0,0,0,0,1,0,0,0
Footloose,8200000,25.03414,107.0,6.4,505,4,1984,1,0,0,0,1,0,0,0,0,0
Old School,24000000,24.70166,91.0,6.6,541,1,2003,0,1,0,0,0,0,0,0,0,0
The Fisher King,24000000,16.146572,137.0,7.2,341,2,1991,1,1,0,0,0,0,0,0,0,0
I Still Know What You Did Last Summer,65000000,20.793026,100.0,5.1,374,3,1998,0,0,1,0,0,0,0,0,0,1
Return to Me,24000000,5.771479,115.0,6.1,67,3,2000,1,1,0,0,1,0,0,0,0,0
Zack and Miri Make a Porno,24000000,27.326466,102.0,6.1,721,1,2008,0,1,0,0,0,0,0,0,0,0
The Men Who Stare at Goats,24000000,20.69219,93.0,5.9,742,2,2009,0,1,0,0,0,0,0,0,0,0
Win a Date with Tad Hamilton!,17000000,7.701041,95.0,5.5,160,2,2004,0,1,0,0,1,0,0,0,0,0
Muppets from Space,24000000,6.589192999999999,87.0,5.8,92,5,1999,0,1,0,0,0,0,0,1,1,0
The Wiz,24000000,2.753313,134.0,5.9,58,4,1978,0,0,0,0,0,1,0,0,0,0
Ready to Rumble,24000000,3.113009,107.0,4.7,49,3,2000,1,1,0,1,0,0,0,0,0,0
Play It to the Bone,24000000,5.566203,124.0,5.7,53,2,1999,1,1,0,0,0,0,0,0,0,0
I Don't Know How She Does It,24000000,8.630825,89.0,5.0,141,2,2011,0,1,0,0,1,0,0,0,0,0
Piranha 3D,24000000,23.34383900000001,88.0,5.3,581,2,2010,0,1,0,0,0,0,0,0,0,1
Meet the Deedles,24000000,2.353441,93.0,4.1,19,3,1998,0,1,0,0,0,0,0,0,0,0
The Thief and the Cobbler,28000000,2.439184,72.0,6.8,26,6,1993,0,0,0,0,0,1,0,1,1,0
Faster,24000000,26.324874,98.0,6.1,568,4,2010,1,0,1,1,0,0,1,0,0,0
Howl's Moving Castle,24000000,49.549984,119.0,8.2,1991,3,2004,0,0,0,0,0,1,0,0,0,0
Zombieland,23600000,57.300674,88.0,7.2,3550,2,2009,0,1,0,0,0,0,0,0,0,1
The Waterboy,23000000,23.839127,90.0,5.9,512,1,1998,0,1,0,0,0,0,0,0,0,0
The Empire Strikes Back,18000000,78.51783,124.0,8.2,5879,4,1980,0,0,0,1,0,1,0,1,1,0
Bad Boys,19000000,33.872182,118.0,6.5,1699,4,1995,0,1,1,1,0,0,1,0,0,0
The Naked Gun 2½: The Smell of Fear,23000000,27.33256,85.0,6.6,546,2,1991,0,1,0,0,0,0,1,0,0,0
Final Destination,23000000,38.799596,98.0,6.4,1378,1,2000,0,0,0,0,0,0,0,0,0,1
The Ides of March,12500000,20.317469,101.0,6.5,910,1,2011,1,0,0,0,0,0,0,0,0,0
Pitch Black,23000000,18.493202,108.0,6.7,1789,4,2000,0,0,1,1,0,0,0,1,1,0
Her,23000000,53.682367000000006,126.0,7.9,4097,4,2013,1,0,0,0,1,0,0,1,1,0
Joy Ride,23000000,11.183197,97.0,6.3,325,3,2001,1,0,1,0,0,0,0,0,0,0
The Adventurer: The Curse of the Midas Box,25000000,8.842722,99.0,5.1,73,3,2013,0,0,0,0,0,1,0,0,0,0
Anywhere But Here,23000000,8.976738000000003,114.0,5.9,66,3,1999,1,1,0,0,1,0,0,0,0,0
Haywire,23000000,26.257951,93.0,5.6,505,2,2011,0,0,1,1,0,0,0,0,0,0
Jaws: The Revenge,23000000,12.777008,89.0,3.5,224,2,1987,0,0,1,0,0,1,0,0,0,0
The End of the Affair,23000000,6.9212630000000015,102.0,6.6,55,1,1999,1,0,0,0,0,0,0,0,0,0
Harley Davidson and the Marlboro Man,23000000,12.869436,98.0,6.1,82,2,1991,0,0,1,1,0,0,0,0,0,0
In the Valley of Elah,23000000,15.676123,124.0,6.6,261,5,2007,1,0,1,0,0,0,1,0,0,0
Cheri,23000000,5.494047,86.0,5.9,56,3,2009,1,1,0,0,1,0,0,0,0,0
Vanity Fair,23000000,6.6181490000000025,141.0,5.5,73,2,2004,1,0,0,0,1,0,0,0,0,0
Bodyguards and Assassins,23000000,7.876883,139.0,6.5,57,3,2009,1,0,0,1,0,0,0,0,0,0
1408,25000000,35.169779,104.0,6.5,1343,2,2007,0,0,1,0,0,0,0,0,0,1
Spaceballs,22700000,39.890798,96.0,6.7,902,3,1987,0,1,0,0,0,0,0,1,1,0
The Water Diviner,22500000,22.096286,112.0,6.8,431,2,2014,1,0,0,0,0,0,0,0,0,0
Ghost,22000000,41.967005,127.0,6.9,1339,5,1990,1,0,1,0,1,0,0,0,0,0
There's Something About Mary,23000000,57.110486,119.0,6.5,1590,2,1998,0,1,0,0,1,0,0,0,0,0
The Santa Clause,22000000,16.234053,97.0,6.3,489,4,1994,1,1,0,0,0,0,0,0,0,0
The Rookie,20000000,11.263361,127.0,6.5,110,2,2002,1,0,0,0,0,0,0,0,0,0
The Game Plan,22000000,20.699212,110.0,6.0,428,2,2007,0,1,0,0,0,0,0,0,0,0
The Bridges of Madison County,24000000,17.606087,135.0,7.3,385,2,1995,1,0,0,0,1,0,0,0,0,0
The Animal,22000000,13.786075,84.0,4.6,304,2,2001,0,1,0,1,0,0,0,0,0,0
Gandhi,22000000,35.227212,191.0,7.4,716,2,1982,1,0,0,0,0,0,0,0,0,0
The Hundred-Foot Journey,22000000,27.898438,122.0,7.3,508,1,2014,1,0,0,0,0,0,0,0,0,0
The Net,22000000,23.218144,114.0,5.6,354,5,1995,1,0,1,1,0,0,1,0,0,0
I Am Sam,22000000,26.071644,132.0,7.2,530,1,2001,1,0,0,0,0,0,0,0,0,0
Son of God,22000000,9.175762,138.0,5.9,83,1,2014,1,0,0,0,0,0,0,0,0,0
Underworld,22000000,81.829237,121.0,6.6,2512,3,2003,0,0,1,1,0,0,0,0,0,0
Derailed,22000000,17.7091,108.0,6.1,319,2,2005,1,0,1,0,0,0,0,0,0,0
The Informant!,22000000,17.772517999999994,108.0,6.0,301,3,2009,1,1,0,0,0,0,1,0,0,0
Deuce Bigalow: European Gigolo,22000000,10.259461,83.0,4.7,225,1,2005,0,1,0,0,0,0,0,0,0,0
Delivery Man,26000000,30.114383,105.0,6.2,551,1,2013,0,1,0,0,0,0,0,0,0,0
Saving Silverman,22000000,12.887673,90.0,5.4,154,3,2001,0,1,0,0,1,0,1,0,0,0
Diary of a Wimpy Kid: Dog Days,22000000,13.410919,94.0,6.0,223,2,2012,0,1,0,0,0,0,0,0,0,0
Jay and Silent Bob Strike Back,22000000,21.865021,104.0,6.4,480,1,2001,0,1,0,0,0,0,0,0,0,0
The Glass House,30000000,9.448517,106.0,5.4,201,2,2001,1,0,1,0,0,0,0,0,0,0
"Hail, Caesar!",22000000,39.006187,106.0,5.7,1309,3,2016,1,1,0,0,0,0,0,0,0,0
Homefront,22000000,35.737655,100.0,6.4,875,2,2013,0,0,1,1,0,0,0,0,0,0
The Little Vampire,22000000,4.365196,95.0,6.1,77,2,2000,0,0,0,0,0,0,0,0,0,1
RoboCop 3,22000000,14.725467000000002,104.0,4.2,305,6,1993,0,0,1,1,0,1,1,1,1,0
The Transporter Refueled,25000000,25.002715,96.0,5.2,559,3,2015,0,0,1,1,0,0,1,0,0,0
Black Book,21000000,13.906610999999998,145.0,7.2,277,3,2006,1,0,1,0,0,0,0,0,0,0
Joyeux Noël,22000000,13.960945,116.0,7.2,212,5,2005,1,0,0,0,1,0,0,0,0,0
Hit & Run,2000000,16.668854,100.0,5.5,224,3,2012,0,1,0,1,1,0,0,0,0,0
Before I Go to Sleep,22000000,48.784734,92.0,6.2,659,2,2014,0,0,1,0,0,0,0,0,0,0
Sorcerer,22000000,9.088209,121.0,7.4,98,3,1977,0,0,1,1,0,1,0,0,0,0
Stone,22000000,12.445176,105.0,5.2,192,1,2010,1,0,0,0,0,0,0,0,0,0
Out of the Furnace,22000000,29.230298,116.0,6.5,720,3,2013,1,0,1,0,0,0,1,0,0,0
Michael Clayton,25000000,18.961323,119.0,6.5,501,3,2007,1,0,0,0,0,0,1,0,0,0
Underdogs,22000000,14.866351000000002,106.0,6.0,122,3,2013,0,0,0,0,1,1,0,0,0,0
To Rome with Love,17000000,15.013386,111.0,5.6,546,2,2012,0,1,0,0,1,0,0,0,0,0
Firefox,18000000,8.700565,136.0,5.5,139,5,1982,0,0,1,1,0,1,0,1,1,0
Death at a Funeral,9000000,20.410354,90.0,6.9,497,2,2007,1,1,0,0,0,0,0,0,0,0
Teenage Mutant Ninja Turtles III,21000000,10.207065,96.0,5.1,184,5,1993,0,1,0,1,0,1,0,0,0,0
Hardball,32000000,5.683281,106.0,6.3,123,2,2001,0,1,0,0,1,0,0,0,0,0
Silver Linings Playbook,21000000,63.599973,122.0,6.9,4742,3,2012,1,1,0,0,1,0,0,0,0,0
Freedom Writers,21000000,17.746980999999995,123.0,7.5,356,2,2007,1,0,0,0,0,0,1,0,0,0
The Transporter,21000000,34.433521,92.0,6.6,1692,3,2002,0,0,1,1,0,0,1,0,0,0
Never Back Down,20000000,26.21425,115.0,6.4,497,2,2008,1,0,0,1,0,0,0,0,0,0
The Rage: Carrie 2,21000000,4.781537999999999,104.0,5.1,76,4,1999,0,0,1,0,0,0,0,1,1,1
Away We Go,17000000,10.13559,98.0,6.7,189,3,2009,1,1,0,0,1,0,0,0,0,0
Swing Vote,21000000,5.815881,120.0,5.8,65,2,2008,1,1,0,0,0,0,0,0,0,0
Moonlight Mile,21000000,8.982335,117.0,6.5,52,2,2002,1,0,0,0,1,0,0,0,0,0
The Beaver,21000000,13.847872,91.0,6.3,276,1,2011,1,0,0,0,0,0,0,0,0,0
The Best Little Whorehouse in Texas,35000000,4.189378,114.0,5.9,41,1,1982,0,1,0,0,0,0,0,0,0,0
eXistenZ,15000000,21.928025,97.0,6.7,475,5,1999,0,0,1,1,0,0,0,1,1,1
Raiders of the Lost Ark,18000000,68.159596,115.0,7.7,3854,2,1981,0,0,0,1,0,1,0,0,0,0
Home Alone 2: Lost in New York,18000000,81.487685,120.0,6.3,2395,4,1992,0,1,0,0,0,1,1,0,0,0
Close Encounters of the Third Kind,20000000,52.45650500000001,135.0,7.2,1098,3,1977,1,0,0,0,0,0,0,1,1,0
Pulse,38000000,9.662715,90.0,5.0,150,2,2006,0,0,1,0,0,0,0,0,0,1
Beverly Hills Cop II,20000000,25.28436,100.0,6.1,613,3,1987,0,1,0,1,0,0,1,0,0,0
Bringing Down the House,20000000,8.351385,105.0,5.4,183,1,2003,0,1,0,0,0,0,0,0,0,0
The Silence of the Lambs,19000000,18.174804,119.0,8.1,4443,3,1991,1,0,1,0,0,0,1,0,0,0
Wayne's World,20000000,21.815122,94.0,6.5,728,2,1992,0,1,0,0,0,0,0,0,0,0
Jackass 3D,20000000,20.99174,94.0,6.4,428,3,2010,0,1,0,1,0,0,0,0,0,0
Jaws 2,20000000,19.636044,116.0,5.9,406,2,1978,0,0,1,0,0,0,0,0,0,1
Beverly Hills Chihuahua,20000000,12.25264,91.0,4.9,209,3,2008,0,1,0,0,0,1,0,0,0,0
The Conjuring,13000000,49.975409,112.0,7.4,3092,2,2013,0,0,1,0,0,0,0,0,0,1
Are We There Yet?,32000000,13.590677,95.0,5.2,221,4,2005,0,1,0,0,1,1,0,0,0,0
Tammy,20000000,21.657563,97.0,5.0,500,1,2014,0,1,0,0,0,0,0,0,0,0
School of Rock,35000000,43.057323,108.0,6.7,1414,2,2003,0,1,0,0,0,0,0,0,0,0
Mortal Kombat,18000000,16.470895000000002,101.0,5.4,442,2,1995,0,0,0,1,0,0,0,0,0,0
White Chicks,37000000,28.703007,109.0,6.3,679,1,2004,0,1,0,0,0,0,0,0,0,0
The Descendants,20000000,40.903931,115.0,6.7,934,2,2011,1,1,0,0,0,0,0,0,0,0
12 Years a Slave,20000000,95.9229,134.0,7.9,3674,2,2013,1,0,0,0,0,0,0,0,0,0
Drumline,20000000,4.748929,118.0,6.2,116,4,2002,1,1,0,0,1,0,0,0,0,0
Why Did I Get Married Too?,20000000,2.986286,121.0,6.1,29,2,2010,0,1,0,0,1,0,0,0,0,0
Edward Scissorhands,20000000,47.51363,105.0,7.5,3601,3,1990,1,0,0,0,1,0,0,0,0,0
Me Before You,20000000,53.161905,110.0,7.6,2562,2,2016,1,0,0,0,1,0,0,0,0,0
The French Connection,1800000,15.978136,104.0,7.4,422,3,1971,0,0,1,1,0,0,1,0,0,0
Bad Moms,20000000,42.512296,100.0,6.3,1252,1,2016,0,1,0,0,0,0,0,0,0,0
Date Movie,20000000,10.098722,83.0,3.6,222,1,2006,0,1,0,0,0,0,0,0,0,0
Return to Never Land,20000000,15.341196,72.0,6.1,290,4,2002,0,0,0,0,0,1,0,0,0,0
Selma,20000000,29.023184000000004,127.0,7.4,817,2,2014,1,0,0,0,0,0,0,0,0,0
The Jungle Book 2,20000000,19.819893,72.0,5.6,269,3,2003,0,0,0,0,0,1,0,0,0,0
Boogeyman,20000000,11.62423,89.0,4.6,191,4,2005,1,0,1,0,0,0,0,0,0,1
Premonition,20000000,22.049787,96.0,5.8,381,3,2007,1,0,1,0,0,0,0,0,0,0
The Tigger Movie,30000000,9.829859,77.0,6.3,143,2,2000,0,0,0,0,0,0,0,0,0,0
Orphan,20000000,29.295801,123.0,6.7,1261,3,2009,0,0,1,0,0,0,0,0,0,1
Max,20000000,14.136476000000002,111.0,6.8,276,3,2015,1,0,0,0,0,1,0,0,0,0
Epic Movie,20000000,6.064638,86.0,3.2,326,3,2007,0,1,0,1,0,1,0,0,0,0
Spotlight,20000000,41.503588,128.0,7.8,2686,3,2015,1,0,1,0,0,0,0,0,0,0
Lakeview Terrace,20000000,20.495749,110.0,5.9,292,3,2008,1,0,1,0,0,0,1,0,0,0
The Grudge 2,20000000,13.906944,102.0,5.2,283,2,2006,0,0,1,0,0,0,0,0,0,1
How Stella Got Her Groove Back,20000000,2.003047,124.0,6.0,24,3,1998,1,1,0,0,1,0,0,0,0,0
Man of the Year,20000000,11.203335,115.0,5.8,129,4,2006,1,1,1,0,1,0,0,0,0,0
The Black Hole,20000000,8.265317,98.0,6.1,131,5,1979,0,0,0,1,0,1,0,1,1,0
The American,20000000,18.632156,104.0,5.8,481,3,2010,1,0,1,0,0,0,1,0,0,0
Selena,20000000,6.92592,127.0,7.0,114,1,1997,1,0,0,0,0,0,0,0,0,0
Vampires Suck,20000000,17.165039,82.0,4.2,315,2,2010,0,1,0,0,0,0,0,0,0,1
Babel,25000000,25.785925,143.0,6.9,1055,1,2006,1,0,0,0,0,0,0,0,0,0
This Is Where I Leave You,19800000,20.311684,103.0,6.5,505,2,2014,1,1,0,0,0,0,0,0,0,0
Doubt,20000000,20.975165,104.0,7.0,435,2,2008,1,0,0,0,0,0,0,0,0,0
Team America: World Police,32000000,26.509175,98.0,6.6,660,5,2004,0,1,0,1,0,1,0,0,0,0
Texas Chainsaw 3D,20000000,26.497025,92.0,5.3,465,2,2013,0,0,1,0,0,0,0,0,0,1
Scary Movie 5,20000000,36.819044,86.0,4.6,793,1,2013,0,1,0,0,0,0,0,0,0,0
Paint Your Wagon,20000000,7.902536,158.0,6.2,63,5,1969,1,1,0,1,0,0,0,0,0,0
Milk,20000000,30.909699,128.0,7.1,612,2,2008,1,0,0,0,0,0,0,0,0,0
Risen,20000000,16.663797,107.0,5.7,295,1,2016,0,0,0,1,0,0,0,0,0,0
Ghost Ship,35000000,27.724913,91.0,5.3,531,3,2002,0,0,1,0,0,0,0,0,0,1
A Very Harold & Kumar Christmas,19000000,17.971883,108.0,6.0,328,1,2011,0,1,0,0,0,0,0,0,0,0
Wild Things,20000000,25.041992,108.0,6.3,444,3,1998,1,0,0,0,0,0,1,0,0,0
The Debt,20000000,14.857884,113.0,6.3,257,2,2010,1,0,1,0,0,0,0,0,0,0
High Fidelity,30000000,23.982956,113.0,7.0,628,4,2000,1,1,0,0,1,0,0,0,0,0
The Bank Job,20000000,30.387754,112.0,6.6,697,3,2008,1,0,1,0,0,0,1,0,0,0
Eternal Sunshine of the Spotless Mind,20000000,56.481487,108.0,7.9,3652,4,2004,1,0,0,0,1,0,0,1,1,0
You Again,20000000,19.962713,105.0,6.0,368,2,2010,0,1,0,0,1,0,0,0,0,0
Street Kings,20000000,18.666876,109.0,6.3,363,4,2008,1,0,1,1,0,0,1,0,0,0
The World's End,20000000,55.96460500000001,109.0,6.7,1778,4,2013,0,1,0,1,0,0,0,1,1,0
Daybreakers,20000000,28.019226,98.0,6.0,634,6,2009,0,0,1,1,0,0,0,1,1,1
She's Out of My League,20000000,16.176976,104.0,5.9,525,2,2010,0,1,0,0,1,0,0,0,0,0
Monte Carlo,20000000,17.237143,109.0,6.0,593,3,2011,0,1,0,0,1,1,0,0,0,0
Stay Alive,9000000,4.34503,100.0,5.3,155,2,2006,0,0,1,0,0,0,0,0,0,1
Alpha and Omega,20000000,12.300789,88.0,5.3,124,2,2010,0,0,0,0,0,0,0,0,0,0
The Covenant,20000000,15.804814000000002,97.0,5.2,288,6,2006,0,0,0,1,0,1,0,1,1,1
Shorts,40000000,4.100942,89.0,5.1,44,2,2009,0,1,0,0,0,0,0,0,0,0
To Die For,20000000,12.309715,106.0,6.7,175,4,1995,1,1,1,0,0,0,0,0,0,0
Nerve,20000000,62.933899,96.0,7.1,2181,3,2016,0,0,0,0,0,1,1,0,0,0
Appaloosa,20000000,16.074397,115.0,6.3,299,3,2008,1,0,0,0,0,0,1,0,0,0
Psycho,806948,93.067866,109.0,8.2,2320,3,1960,1,0,1,0,0,0,0,0,0,1
My Best Friend's Girl,20000000,17.145287,101.0,5.4,220,2,2008,0,1,0,0,1,0,0,0,0,0
Endless Love,20000000,27.256849,103.0,6.7,542,2,2014,1,0,0,0,1,0,0,0,0,0
Under the Rainbow,20000000,0.173964,98.0,4.9,7,1,1981,0,1,0,0,0,0,0,0,0,0
Ladyhawke,20000000,14.370110999999998,121.0,6.8,260,4,1985,1,0,0,0,1,1,0,0,0,0
Simon Birch,20000000,11.090254,114.0,6.5,52,3,1998,1,1,0,0,0,0,0,0,0,0
Reign Over Me,20000000,20.82778,124.0,7.1,334,1,2007,1,0,0,0,0,0,0,0,0,0
Into the Wild,15000000,43.644978,148.0,7.8,3045,2,2007,1,0,0,0,0,1,0,0,0,0
School for Scoundrels,20000000,8.244324,100.0,5.6,111,3,2006,1,1,0,0,1,0,0,0,0,0
Silent Hill: Revelation 3D,20000000,23.292761,94.0,5.0,432,3,2012,0,0,1,0,0,0,0,0,0,1
From Dusk Till Dawn,19000000,64.181668,108.0,6.9,1603,4,1996,0,0,1,1,0,0,1,0,0,1
Kung Fu Hustle,20000000,13.658985,99.0,7.2,831,4,2004,0,1,0,1,0,0,1,0,0,0
The Kite Runner,20000000,10.446722,128.0,7.3,394,1,2007,1,0,0,0,0,0,0,0,0,0
21 Grams,20000000,32.243357,124.0,7.2,918,3,2003,1,0,1,0,0,0,1,0,0,0
Paparazzi,20000000,9.149089,84.0,5.8,52,3,2004,1,0,1,1,0,0,0,0,0,0
A Guy Thing,20000000,5.596835,101.0,5.3,83,2,2003,0,1,0,0,1,0,0,0,0,0
Capitalism: A Love Story,20000000,10.50098,120.0,7.0,167,1,2009,0,0,0,0,0,0,0,0,0,0
The Greatest Story Ever Told,20000000,3.011205,199.0,6.5,41,2,1965,1,0,0,0,0,0,0,0,0,0
Secret in Their Eyes,19500000,15.012237,111.0,6.2,336,3,2015,1,0,0,0,0,0,1,0,0,0
Disaster Movie,25000000,16.238961,87.0,3.0,240,2,2008,0,1,0,1,0,0,0,0,0,0
Armored,20000000,15.21229,88.0,5.5,208,4,2009,1,0,1,1,0,0,1,0,0,0
The Man Who Knew Too Little,20000000,6.397042,97.0,6.5,125,4,1997,0,1,1,1,0,0,1,0,0,0
What's Your Number?,20000000,19.220789,106.0,6.2,671,2,2011,0,1,0,0,1,0,0,0,0,0
Lockout,20000000,35.232278,95.0,5.8,715,4,2012,0,0,1,1,0,0,0,1,1,0
Crank: High Voltage,20000000,35.54280900000001,96.0,5.9,861,3,2009,0,0,1,1,0,0,1,0,0,0
One Night with the King,20000000,3.476925,123.0,6.1,12,1,2006,1,0,0,0,0,0,0,0,0,0
The Quiet American,30000000,5.133744,101.0,6.4,81,4,2002,1,0,1,1,1,0,0,0,0,0
The Weather Man,20000000,14.031377,101.0,6.0,289,2,2005,1,1,0,0,0,0,0,0,0,0
Undisputed,20000000,17.227376,96.0,6.1,139,4,2002,1,0,1,1,0,1,0,0,0,0
12 Rounds,20000000,15.66135,108.0,5.7,220,4,2009,1,0,1,1,0,1,0,0,0,0
Let Me In,20000000,19.705311,116.0,6.7,641,3,2010,1,0,0,0,0,0,0,0,0,1
Triple 9,20000000,29.371987,115.0,5.6,797,2,2016,0,0,1,1,0,0,0,0,0,0
Deconstructing Harry,20000000,11.352693,96.0,7.3,187,2,1997,1,1,0,0,0,0,0,0,0,0
Burnt,20000000,30.477114,100.0,6.3,950,1,2015,1,0,0,0,0,0,0,0,0,0
Death Sentence,20000000,12.643703,105.0,6.5,297,4,2007,1,0,1,1,0,0,1,0,0,0
Code Name: The Cleaner,20000000,9.36146,84.0,4.7,78,3,2007,0,1,0,1,0,0,1,0,0,0
Connie and Carla,20000000,6.102663,98.0,6.4,24,1,2004,0,1,0,0,0,0,0,0,0,0
Sweet Charity,8000000,0.7091430000000001,149.0,6.5,15,4,1969,1,1,0,0,1,0,0,0,0,0
Inherent Vice,20000000,45.742217,148.0,6.5,833,5,2014,1,1,0,0,1,0,1,0,0,0
Battle of the Year,20000000,8.237336,110.0,5.9,88,2,2013,1,0,0,0,0,0,0,0,0,0
An American Carol,20000000,2.6053740000000003,83.0,4.1,20,2,2008,0,1,0,0,0,0,0,0,0,0
Machete Kills,12000000,29.072964,107.0,5.3,631,3,2013,0,0,1,1,0,0,1,0,0,0
Little Boy,20000000,12.232048,106.0,7.0,185,3,2015,1,1,0,0,0,0,0,0,0,0
A Dangerous Method,15000000,27.133277000000003,99.0,6.2,571,2,2011,1,0,1,0,0,0,0,0,0,0
A Scanner Darkly,8700000,26.093043,100.0,6.8,532,4,2006,0,0,1,0,0,0,0,1,1,0
Alone in the Dark,20000000,9.292987,96.0,3.1,173,4,2005,0,0,1,1,0,0,0,0,0,1
Bandslam,20000000,7.716606,111.0,5.4,126,4,2009,1,1,0,0,0,0,0,0,0,0
A Most Violent Year,20000000,37.629309,125.0,6.5,546,3,2014,1,0,1,0,0,0,1,0,0,0
I'm Not There.,20000000,13.032308,135.0,6.6,195,2,2007,1,0,0,0,0,0,0,0,0,0
The Cold Light of Day,20000000,15.131867000000002,93.0,4.8,271,2,2012,0,0,1,1,0,0,0,0,0,0
The Brothers Bloom,20000000,10.218307,114.0,6.8,203,4,2008,1,1,0,0,1,1,0,0,0,0
Princess Mononoke,26500000,60.732738,134.0,8.2,1983,3,1997,0,0,0,0,0,1,0,0,0,0
The Proposition,2000000,14.617944,104.0,7.1,218,5,2005,1,0,1,1,0,1,1,0,0,0
Marci X,20000000,5.65327,84.0,3.3,12,1,2003,0,1,0,0,0,0,0,0,0,0
Equilibrium,20000000,44.566609,107.0,6.9,1552,4,2002,0,0,1,1,0,0,0,1,1,0
The Children of Huang Shi,40000000,8.978408,125.0,6.5,52,2,2008,1,0,0,0,0,0,0,0,0,0
By the Sea,10000000,11.267676,122.0,5.4,156,2,2015,1,0,0,0,1,0,0,0,0,0
Rapa Nui,20000000,3.581906,107.0,6.2,33,1,1994,0,0,0,0,0,1,0,0,0,0
Dylan Dog: Dead of Night,20000000,10.617236,107.0,4.5,139,6,2011,0,1,0,1,0,0,0,1,1,1
The Tempest,20000000,3.620537,110.0,6.0,31,2,2010,1,0,0,0,0,0,0,0,0,0
The Frozen Ground,27220000,28.060472,105.0,6.1,465,2,2013,0,0,1,0,0,0,1,0,0,0
Dances with Wolves,22000000,45.707835,181.0,7.6,1046,3,1990,1,0,0,0,0,1,0,0,0,0
Bad Teacher,20000000,28.497242,92.0,5.4,1584,1,2011,0,1,0,0,0,0,0,0,0,0
Sea of Love,19000000,11.47316,113.0,6.7,141,3,1989,1,0,0,0,0,0,1,0,0,0
A Cinderella Story,19000000,25.28132,95.0,6.1,713,1,2004,0,1,0,0,0,0,0,0,0,0
Scream,14000000,45.99611,111.0,7.0,1476,3,1996,0,0,0,0,0,0,1,0,0,1
The Shining,19000000,78.699993,144.0,8.1,3757,2,1980,0,0,1,0,0,0,0,0,0,1
Back to the Future,19000000,76.60323299999997,116.0,8.0,6079,5,1985,0,1,0,0,0,1,0,1,1,0
House on Haunted Hill,19000000,13.664614000000002,93.0,5.5,209,3,1999,0,0,1,0,0,0,0,0,0,1
The Switch,19000000,27.494037,101.0,5.9,583,3,2010,1,1,0,0,1,0,0,0,0,0
Just Married,18000000,18.47518,95.0,5.3,404,1,2003,0,1,0,0,0,0,0,0,0,0
The Devil's Double,19100000,10.559414,109.0,6.5,208,5,2011,1,0,1,1,0,0,1,0,0,0
The Crazies,20000000,28.867568,101.0,6.2,633,3,2010,0,0,0,1,0,0,0,0,0,1
Spirited Away,15000000,118.968562,125.0,8.3,3840,4,2001,0,0,0,0,0,1,0,0,0,0
The Bounty,25000000,7.436491,132.0,6.5,108,3,1984,1,0,0,1,0,0,0,0,0,0
Sex Drive,19000000,17.952817,109.0,6.0,342,3,2008,0,1,0,0,1,1,0,0,0,0
Leap Year,19000000,21.959742,100.0,6.4,465,2,2010,0,1,0,0,1,0,0,0,0,0
The Fall of the Roman Empire,19000000,4.229941999999999,188.0,6.0,33,2,1964,1,0,0,0,0,0,0,0,0,0
Take Me Home Tonight,19000000,11.766564,97.0,6.2,208,3,2011,1,1,0,0,1,0,0,0,0,0
The Nutcracker,19000000,0.068228,93.0,5.6,5,3,1993,0,0,0,0,0,0,0,0,0,0
The Amityville Horror,19000000,30.205943,90.0,6.0,588,3,2005,1,0,1,0,0,0,0,0,0,1
Adaptation.,19000000,26.441669,114.0,7.3,638,3,2002,1,1,0,0,0,0,1,0,0,0
Land of the Dead,15000000,15.262492000000002,93.0,6.0,381,1,2005,0,0,0,0,0,0,0,0,0,1
Fear and Loathing in Las Vegas,18500000,44.511363,118.0,7.2,1301,3,1998,1,1,0,0,0,1,0,0,0,0
The Invention of Lying,18500000,16.665841,100.0,6.0,518,3,2009,0,1,0,0,1,0,0,0,0,0
Neighbors,18000000,36.471231,96.0,6.2,2713,1,2014,0,1,0,0,0,0,0,0,0,0
The Mask,23000000,85.30318,101.0,6.6,2472,4,1994,0,1,0,0,1,0,1,0,0,0
Big,18000000,20.716023,104.0,6.9,993,5,1988,1,1,0,0,1,0,0,0,0,0
Borat: Cultural Learnings of America for Make Benefit Glorious Nation of Kazakhstan,18000000,29.487784,82.0,6.5,1579,1,2006,0,1,0,0,0,0,0,0,0,0
Legally Blonde,18000000,25.43954,96.0,6.1,882,1,2001,0,1,0,0,0,0,0,0,0,0
Star Trek III: The Search for Spock,18000000,15.314027,105.0,6.4,434,5,1984,0,0,1,1,0,1,0,1,1,0
The Exorcism of Emily Rose,19000000,32.602868,122.0,6.3,659,4,2005,1,0,1,0,0,0,1,0,0,1
Deuce Bigalow: Male Gigolo,17000000,9.832326,88.0,5.5,308,1,1999,0,1,0,0,0,0,0,0,0,0
Left Behind,16000000,33.452469,110.0,3.7,392,4,2014,0,0,1,1,0,0,0,1,1,0
Barbershop 2:  Back in Business,18000000,6.5018150000000015,106.0,5.6,74,2,2004,1,1,0,0,0,0,0,0,0,0
Bad Santa,23000000,26.58873,91.0,6.5,656,3,2003,1,1,0,0,0,0,1,0,0,0
Austin Powers: International Man of Mystery,16500000,36.15716,94.0,6.5,1013,4,1997,0,1,0,0,0,0,1,1,1,0
My Big Fat Greek Wedding 2,18000000,16.027955,94.0,5.5,322,3,2016,0,1,0,0,1,0,0,0,0,0
Diary of a Wimpy Kid: Rodrick Rules,21000000,14.329891,99.0,6.3,238,2,2011,0,1,0,0,0,0,0,0,0,0
Predator,18000000,50.009408,107.0,7.3,2093,5,1987,0,0,1,1,0,1,0,1,1,0
Amadeus,18000000,31.82675,160.0,7.8,1076,3,1984,1,0,0,0,0,0,0,0,0,0
Mean Girls,17000000,36.423717,97.0,6.9,2320,1,2004,0,1,0,0,0,0,0,0,0,0
Gosford Park,19800000,11.693272,137.0,6.8,246,3,2001,1,0,1,0,0,0,0,0,0,0
Peggy Sue Got Married,18000000,12.243887,103.0,5.9,136,4,1986,1,1,0,0,1,0,0,0,0,0
Birdman,18000000,89.811154,119.0,7.4,4535,2,2014,1,1,0,0,0,0,0,0,0,0
Blue Jasmine,18000000,34.694216,98.0,7.0,1098,2,2013,1,1,0,0,0,0,0,0,0,0
United 93,15000000,17.501379999999994,111.0,6.9,367,5,2006,1,0,1,1,0,0,1,0,0,0
Honey,18000000,18.492655,94.0,6.0,303,3,2003,0,0,0,0,1,0,0,0,0,0
The Fog,1000000,14.518598,89.0,6.4,311,1,1980,0,0,0,0,0,0,0,0,0,1
Soul Surfer,18000000,19.234672,106.0,6.9,342,2,2011,1,0,0,1,0,0,0,0,0,0
Catch-22,18000000,4.504377,121.0,6.7,72,3,1970,1,1,0,0,0,0,0,0,0,0
Conan the Destroyer,18000000,18.379124,103.0,5.8,383,3,1984,0,0,0,1,0,1,0,0,0,0
Raging Bull,18000000,35.524457,129.0,7.7,938,1,1980,1,0,0,0,0,0,0,0,0,0
Love Happens,18000000,13.472365,109.0,5.6,180,2,2009,1,0,0,0,1,0,0,0,0,0
127 Hours,18000000,52.464877,94.0,7.0,2606,3,2010,1,0,1,0,0,1,0,0,0,0
Center Stage,18000000,6.961736,115.0,6.8,90,2,2000,1,0,0,0,0,0,0,0,0,0
Love the Coopers,17000000,9.191187,107.0,5.4,167,2,2015,0,1,0,0,0,0,0,0,0,0
Catch That Kid,18000000,4.492858999999998,92.0,4.9,76,3,2004,0,0,0,1,0,1,0,0,0,0
Steve Jobs,30000000,53.670525,122.0,6.8,1573,2,2015,1,0,0,0,0,0,0,0,0,0
The Legend of the Lone Ranger,18000000,11.725805,98.0,3.7,14,4,1981,0,0,0,1,1,1,0,0,0,0
The Tailor of Panama,21000000,7.047975,109.0,6.2,92,2,2001,1,0,1,0,0,0,0,0,0,0
Blow Out,18000000,13.628601000000002,108.0,7.3,236,3,1981,1,0,1,0,0,0,0,0,0,0
Getaway,18000000,16.520516,90.0,4.9,246,2,2013,0,0,0,1,0,0,1,0,0,0
The Ice Storm,18000000,14.916264000000002,112.0,6.9,176,1,1997,1,0,0,0,0,0,0,0,0,0
And So It Goes,18000000,9.633711,94.0,5.7,164,3,2014,1,1,0,0,1,0,0,0,0,0
Nine 1/2 Weeks,17000000,12.313143,117.0,5.8,177,2,1986,1,0,0,0,1,0,0,0,0,0
Dragonslayer,18000000,3.258422,108.0,6.5,67,1,1981,0,0,0,0,0,0,0,0,0,0
Ed Wood,18000000,24.548633,127.0,7.3,630,3,1994,1,1,0,0,0,0,0,0,0,0
Labor Day,18000000,17.683563,111.0,6.7,299,1,2013,1,0,0,0,0,0,0,0,0,0
Mongol: The Rise of Genghis Khan,18000000,10.1449,120.0,6.5,158,1,2007,0,0,0,0,0,0,0,0,0,0
RockNRolla,18000000,31.887978000000004,114.0,6.9,836,3,2008,0,0,1,1,0,0,1,0,0,0
Mao's Last Dancer,25000000,1.876811,117.0,6.8,28,2,2009,1,0,0,0,1,0,0,0,0,0
Midnight Special,18000000,32.717853000000005,112.0,6.2,694,4,2016,1,0,0,0,0,1,0,1,1,0
The Railway Man,18000000,13.916583,116.0,6.7,273,2,2013,1,0,0,0,0,0,0,0,0,0
The Wraith,2700000,10.47644,93.0,5.9,108,6,1986,0,0,0,1,1,0,1,1,1,1
Salton Sea,18000000,10.991281,103.0,7.0,104,3,2002,1,0,1,0,0,0,0,0,0,0
Metallica: Through the Never,18000000,7.871686,93.0,6.7,83,1,2013,0,0,0,0,0,0,0,0,0,0
The Informers,18000000,6.333869,98.0,4.4,60,1,2008,1,0,0,0,0,0,0,0,0,0
Carlos,18000000,1.138383,338.0,6.7,50,4,2010,1,0,1,0,0,0,1,0,0,0
Day of the Dead,3500000,18.025206,96.0,6.9,270,3,1985,0,0,0,0,0,0,0,1,1,1
Renaissance,18000000,9.244181,105.0,6.7,77,4,2006,0,0,0,1,0,0,0,1,1,0
Red Sonja,17900000,12.752463,89.0,5.0,206,3,1985,0,0,0,1,0,1,0,0,0,0
Red Lights,14000000,22.748174,119.0,6.0,376,1,2012,0,0,1,0,0,0,0,0,0,0
Superbad,20000000,33.436091999999995,113.0,7.0,2100,1,2007,0,1,0,0,0,0,0,0,0,0
Step Up 2: The Streets,23000000,28.973074,98.0,6.5,640,3,2008,1,0,0,0,1,0,0,0,0,0
Hoodwinked!,15000000,23.980329,80.0,5.9,479,3,2005,0,1,0,0,0,0,0,0,0,0
Hotel Rwanda,17500000,28.60542,121.0,7.5,793,3,2004,1,0,0,0,0,0,0,0,0,0
Hitman,24000000,42.669304,89.0,5.9,966,4,2007,1,0,1,1,0,0,1,0,0,0
Black Nativity,17500000,7.180403,93.0,5.8,16,2,2013,1,0,0,0,0,0,0,0,0,0
The Prince,18000000,21.638673,93.0,4.6,218,2,2014,0,0,1,1,0,0,0,0,0,0
Aliens,18500000,67.66094,137.0,7.7,3220,5,1986,0,0,1,1,0,0,0,1,1,1
My Fair Lady,17000000,20.786616,170.0,7.4,352,4,1964,1,0,0,0,1,0,0,0,0,0
I Know What You Did Last Summer,17000000,27.654472,100.0,5.6,687,3,1997,0,0,1,0,0,0,0,0,0,1
Let's Be Cops,17000000,70.66892299999998,104.0,6.4,1219,1,2014,0,1,0,0,0,0,0,0,0,0
Sideways,16000000,23.425431,126.0,6.9,478,3,2004,1,1,0,0,1,0,0,0,0,0
Beerfest,17500000,14.304444,110.0,5.8,172,1,2006,0,1,0,0,0,0,0,0,0,0
Halloween,300000,30.301307,91.0,7.4,1035,2,1978,0,0,1,0,0,0,0,0,0,1
The Best Man Holiday,17000000,7.210095,123.0,6.7,110,1,2013,0,1,0,0,0,0,0,0,0,0
Smokin' Aces,17000000,23.491962,109.0,6.4,534,4,2006,0,1,1,1,0,0,1,0,0,0
Saw: The Final Chapter,20000000,36.133536,90.0,5.8,730,2,2010,0,0,0,0,0,0,1,0,0,1
A Night at the Roxbury,17000000,12.709227,81.0,5.9,198,1,1998,0,1,0,0,0,0,0,0,0,0
Beastly,17000000,24.054062,86.0,6.0,849,3,2011,1,0,0,0,1,0,0,0,0,0
The Hills Have Eyes,15000000,35.107857,107.0,6.1,705,2,2006,0,0,1,0,0,0,0,0,0,1
ATL,20000000,5.422285,105.0,6.0,32,1,2006,1,0,0,0,0,0,0,0,0,0
Pitch Perfect,17000000,32.746486,112.0,7.3,2247,3,2012,0,1,0,0,1,0,0,0,0,0
Summer Catch,34000000,3.960098,108.0,4.8,63,3,2001,1,1,0,0,1,0,0,0,0,0
Brooklyn's Finest,17000000,18.790102,133.0,6.2,293,3,2009,1,0,1,0,0,0,1,0,0,0
55 Days at Peking,17000000,3.321095,154.0,6.3,36,3,1963,1,0,0,1,0,0,0,0,0,0
Evil Dead,17000000,33.912116,91.0,6.4,1723,1,2013,0,0,0,0,0,0,0,0,0,1
My Life in Ruins,17000000,5.787891,95.0,5.6,101,2,2009,0,1,0,0,1,0,0,0,0,0
American Dreamz,17000000,7.864011,107.0,4.9,95,3,2006,1,1,0,0,0,0,0,0,0,0
Superman IV: The Quest for Peace,17000000,17.062117,90.0,4.1,318,4,1987,0,0,0,1,0,1,0,1,1,0
Running Scared,17000000,19.311572,122.0,7.0,331,4,2006,1,0,1,1,0,0,1,0,0,0
The Illusionist,40000000,36.960953,110.0,7.1,1615,4,2006,1,0,1,0,1,0,0,0,0,0
Roar,17000000,1.15641,102.0,5.6,19,2,1981,0,0,1,0,0,1,0,0,0,0
Veronica Guerin,17000000,9.583578,98.0,6.8,59,3,2003,1,0,1,0,0,0,1,0,0,0
Escobar: Paradise Lost,17000000,25.112567,120.0,6.1,271,2,2014,0,0,1,0,1,0,0,0,0,0
Southland Tales,17000000,9.349386,144.0,5.2,153,6,2006,1,1,0,1,0,1,0,1,1,0
Damnation Alley,17000000,2.215261,91.0,5.0,27,4,1977,0,0,0,1,0,1,0,1,1,0
The Apparition,17000000,6.385234,82.0,4.5,140,2,2012,0,0,1,0,0,0,0,0,0,1
Fur: An Imaginary Portrait of Diane Arbus,16800000,4.3582550000000015,122.0,5.8,73,3,2006,1,0,0,0,1,0,0,0,0,0
Wall Street,15000000,24.898687,126.0,7.0,546,2,1987,1,0,0,0,0,0,1,0,0,0
Sense and Sensibility,16500000,20.898711,136.0,7.2,352,2,1995,1,0,0,0,1,0,0,0,0,0
Becoming Jane,16500000,18.236284,120.0,6.9,317,2,2007,1,0,0,0,1,0,0,0,0,0
Sydney White,16500000,10.74648,108.0,6.0,236,1,2007,0,1,0,0,0,0,0,0,0,0
House of Sand and Fog,16500000,12.102725,126.0,7.0,199,1,2003,1,0,0,0,0,0,0,0,0,0
Dead Poets Society,16400000,55.458584,129.0,8.1,2705,1,1989,1,0,0,0,0,0,0,0,0,0
Dumb and Dumber,16000000,35.77706699999999,107.0,6.5,1859,1,1994,0,1,0,0,0,0,0,0,0,0
When Harry Met Sally...,16000000,18.430419,96.0,7.3,950,3,1989,1,1,0,0,1,0,0,0,0,0
The Verdict,16000000,7.980632000000001,129.0,7.4,131,1,1982,1,0,0,0,0,0,0,0,0,0
Road Trip,16000000,14.759948,93.0,5.9,542,2,2000,0,1,0,0,0,1,0,0,0,0
The Artist,15000000,29.943316,100.0,7.3,1049,3,2011,1,1,0,0,1,0,0,0,0,0
The Unborn,16000000,15.788784,87.0,4.8,365,3,2009,0,0,1,0,0,0,0,0,0,1
Moonrise Kingdom,16000000,41.083914,94.0,7.6,1662,3,2012,1,1,0,0,1,0,0,0,0,0
The Young Messiah,18500000,1.884558,120.0,6.4,30,1,2016,1,0,0,0,0,0,0,0,0,0
Pan's Labyrinth,19000000,90.809408,118.0,7.6,3041,3,2006,1,0,0,0,0,0,0,0,0,0
Baby Boy,16000000,7.854989,130.0,7.4,55,3,2001,1,0,0,0,1,0,1,0,0,0
The Roommate,16000000,11.807269,91.0,5.3,224,3,2011,1,0,1,0,0,0,0,0,0,1
Joe Dirt,17700000,15.976335,91.0,5.5,242,5,2001,1,1,0,0,1,1,0,0,0,0
Double Impact,15000000,10.484642,110.0,5.3,215,4,1991,1,0,1,1,0,0,1,0,0,0
Hot Fuzz,12000000,38.623178,121.0,7.4,2199,3,2007,0,1,0,1,0,0,1,0,0,0
The Women,16000000,8.8321,114.0,4.6,96,3,2008,1,1,0,0,1,0,0,0,0,0
Vicky Cristina Barcelona,15000000,32.758254,96.0,6.7,1020,2,2008,1,0,0,0,1,0,0,0,0,0
Boys and Girls,16000000,9.119797,94.0,5.4,103,3,2000,1,1,0,0,1,0,0,0,0,0
Jennifer's Body,16000000,32.257414000000004,100.0,5.3,837,2,2009,0,1,0,0,0,0,0,0,0,1
Drowning Mona,16000000,3.021835,96.0,5.4,43,3,2000,0,1,0,0,0,0,1,0,0,0
My Stepmother is an Alien,20000000,9.455596,108.0,5.3,131,3,1988,0,1,0,0,0,0,0,1,1,0
Philadelphia,26000000,44.301745,125.0,7.6,988,1,1993,1,0,0,0,0,0,0,0,0,0
The Thirteenth Floor,16000000,19.890428,100.0,6.8,378,4,1999,0,0,1,0,0,0,0,1,1,0
The Cookout,16000000,0.8305959999999999,97.0,4.6,10,2,2004,1,1,0,0,0,0,0,0,0,0
Detroit Rock City,6500000,5.7003330000000005,95.0,6.7,100,2,1999,0,1,0,0,0,0,0,0,0,0
Highlander,16000000,29.253833,116.0,6.8,624,3,1986,0,0,0,1,0,1,0,0,0,0
Things We Lost in the Fire,16000000,8.842869,113.0,6.7,90,1,2007,1,0,0,0,0,0,0,0,0,0
Steel,16000000,2.848727,97.0,4.3,48,4,1997,0,0,0,1,0,1,0,1,1,0
The Immigrant,16000000,13.832464000000002,117.0,6.2,250,2,2013,1,0,0,0,1,0,0,0,0,0
Trance,20000000,38.802415,101.0,6.5,956,4,2013,1,0,1,0,0,0,1,0,0,0
Soul Plane,16000000,9.400404,86.0,4.7,108,2,2004,0,1,0,0,1,0,0,0,0,0
Welcome to the Sticks,11000000,18.923181,106.0,6.8,615,1,2008,0,1,0,0,0,0,0,0,0,0
Enter the Void,13000000,20.39955,161.0,7.2,387,2,2009,1,0,0,0,0,0,0,0,0,0
Hachi: A Dog's Tale,16000000,43.217089,93.0,7.7,1717,2,2009,1,0,0,0,0,0,0,0,0,0
The Homesman,16000000,20.59148,122.0,6.4,258,2,2014,1,0,0,0,0,0,0,0,0,0
Slow Burn,15500000,6.630856,93.0,5.5,16,4,2005,1,0,1,0,0,0,1,0,0,0
Beverly Hills Cop,15000000,29.843818,105.0,6.8,961,3,1984,0,1,0,1,0,0,1,0,0,0
Home Alone,18000000,2.186927,103.0,7.1,2414,2,1990,0,1,0,0,0,0,0,0,0,0
Tootsie,21000000,20.818567,116.0,6.9,421,2,1982,0,1,0,0,1,0,0,0,0,0
Top Gun,15000000,58.900647,110.0,6.7,1698,3,1986,0,0,0,1,1,0,0,0,0,0
"Crouching Tiger, Hidden Dragon",17000000,45.742254,120.0,7.2,927,4,2000,1,0,0,1,1,1,0,0,0,0
American Beauty,15000000,80.87860500000002,122.0,7.9,3313,1,1999,1,0,0,0,0,0,0,0,0,0
The King's Speech,15000000,54.053576,118.0,7.6,2752,2,2010,1,0,0,0,0,0,0,0,0,0
Twins,15000000,17.638285999999994,107.0,5.7,559,1,1988,0,1,0,0,0,0,0,0,0,0
The Yellow Handkerchief,15000000,3.803495,102.0,6.4,52,2,2008,1,0,0,0,1,0,0,0,0,0
The Color Purple,15000000,17.571533,154.0,7.7,338,1,1985,1,0,0,0,0,0,0,0,0,0
Tidal Wave,16000000,4.628525,120.0,6.5,48,4,2009,1,0,1,1,0,1,0,0,0,0
The Imitation Game,14000000,145.364591,113.0,8.0,5723,4,2014,1,0,1,0,0,0,0,0,0,0
Coal Miner's Daughter,15000000,3.826685,125.0,7.2,67,2,1980,1,0,0,0,0,0,0,0,0,0
Diary of a Wimpy Kid,15000000,21.095489,92.0,5.9,355,2,2010,0,1,0,0,0,0,0,0,0,0
Mama,15000000,47.455148,100.0,6.0,1401,1,2013,0,0,0,0,0,0,0,0,0,1
National Lampoon's Vacation,15000000,22.838834,98.0,7.1,410,3,1983,0,1,0,0,1,1,0,0,0,0
Bad Grandpa,15000000,27.165222,92.0,6.0,680,1,2013,0,1,0,0,0,0,0,0,0,0
The Queen,15000000,19.113278,103.0,6.8,338,1,2006,1,0,0,0,0,0,0,0,0,0
Beetlejuice,15000000,58.553213,92.0,7.1,1444,2,1988,0,1,0,0,0,0,0,0,0,0
Why Did I Get Married?,15000000,2.005111,113.0,6.1,33,2,2007,1,1,0,0,0,0,0,0,0,0
The Woman in Black,17000000,43.675191,95.0,6.1,1206,3,2012,1,0,1,0,0,0,0,0,0,1
When a Stranger Calls,15000000,4.688212,87.0,5.4,268,2,2006,0,0,1,0,0,0,0,0,0,1
Big Fat Liar,15000000,9.125594,88.0,5.6,197,2,2002,0,1,0,0,0,0,0,0,0,0
The Deer Hunter,15000000,19.786392000000006,183.0,7.8,921,2,1978,1,0,0,0,0,0,0,0,0,0
Wag the Dog,15000000,13.581966,97.0,6.7,270,2,1997,1,1,0,0,0,0,0,0,0,0
The Lizzie McGuire Movie,17000000,11.927667,94.0,5.7,280,2,2003,0,1,0,0,0,0,0,0,0,0
Snitch,35000000,30.556135,112.0,5.8,1138,2,2013,1,0,1,0,0,0,0,0,0,0
Krampus,15000000,31.565117,98.0,5.9,584,3,2015,0,1,0,0,0,0,0,0,0,1
The Faculty,15000000,21.535126,104.0,6.2,492,4,1998,0,0,0,0,0,0,0,1,1,1
Cop Land,15000000,19.284129,104.0,6.6,382,3,1997,1,0,0,1,0,0,1,0,0,0
Not Another Teen Movie,16000000,23.423082,89.0,5.5,431,1,2001,0,1,0,0,0,0,0,0,0,0
End of Watch,7000000,49.517264,109.0,7.2,1170,3,2012,1,0,1,0,0,0,1,0,0,0
The Skulls,15000000,11.375032,106.0,5.8,156,3,2000,1,0,1,0,0,0,1,0,0,0
The Theory of Everything,15000000,61.18233100000001,123.0,7.8,3311,2,2014,1,0,0,0,1,0,0,0,0,0
Where the Heart Is,15000000,6.857923,120.0,6.9,155,3,2000,1,1,0,0,1,0,0,0,0,0
Lawrence of Arabia,15000000,41.286336,216.0,7.8,851,4,1962,1,0,0,0,0,1,0,0,0,0
Halloween II,15000000,12.929525,105.0,5.1,267,1,2009,0,0,0,0,0,0,0,0,0,1
Wild,15000000,42.952942,115.0,7.0,951,1,2014,1,0,0,0,0,0,0,0,0,0
The Last House on the Left,15000000,19.760383,110.0,6.2,440,4,2009,1,0,1,0,0,0,1,0,0,1
The Wedding Date,15000000,10.194097,88.0,6.2,230,2,2005,0,1,0,0,1,0,0,0,0,0
Halloween: Resurrection,13000000,11.045592999999998,94.0,4.5,228,2,2002,0,0,1,0,0,0,0,0,0,1
The Princess Bride,16000000,44.533612,98.0,7.6,1486,5,1987,0,1,0,0,1,1,0,0,0,0
The Great Debaters,15000000,10.84158,126.0,6.9,151,1,2007,1,0,0,0,0,0,0,0,0,0
Drive,15000000,49.294864,100.0,7.4,3725,4,2011,1,0,1,1,0,0,1,0,0,0
Confessions of a Teenage Drama Queen,15000000,7.424798,89.0,5.1,221,1,2004,0,1,0,0,0,0,0,0,0,0
The Object of My Affection,15000000,5.164281,111.0,5.6,72,3,1998,1,1,0,0,1,0,0,0,0,0
28 Weeks Later,15000000,34.759855,100.0,6.5,1197,4,2007,0,0,1,0,0,0,0,1,1,1
When the Game Stands Tall,15000000,7.297757000000002,115.0,6.3,130,1,2014,1,0,0,0,0,0,0,0,0,0
Because of Winn-Dixie,14000000,3.334804,106.0,6.1,61,3,2005,1,1,0,0,0,0,0,0,0,0
Love & Basketball,20000000,2.027393,124.0,7.4,88,4,2000,1,1,0,1,1,0,0,0,0,0
All About Steve,15000000,13.237835,99.0,4.7,295,1,2009,0,1,0,0,0,0,0,0,0,0
The Craft,15000000,19.517239,101.0,6.3,380,4,1996,1,0,1,0,0,0,0,0,0,1
Match Point,15000000,30.669913,124.0,7.3,1105,4,2005,1,0,1,0,1,0,1,0,0,0
The Remains of the Day,11500000,15.355589000000002,134.0,7.5,202,2,1993,1,0,0,0,1,0,0,0,0,0
Boogie Nights,15000000,19.85579,155.0,7.5,796,1,1997,1,0,0,0,0,0,0,0,0,0
Flicka,15000000,3.043589,95.0,6.1,52,1,2006,1,0,0,0,0,0,0,0,0,0
Urban Legends: Final Cut,14000000,8.885017,97.0,4.4,100,1,2000,0,0,0,0,0,0,0,0,0,1
The Marine,20000000,7.679336,92.0,5.0,163,4,2006,1,0,1,1,0,1,0,0,0,0
Keanu,15000000,18.268009,94.0,6.0,421,2,2016,0,1,0,1,0,0,0,0,0,0
Country Strong,15000000,7.809701,117.0,5.9,80,2,2010,1,0,0,0,1,0,0,0,0,0
Disturbing Behavior,15000000,9.378688,84.0,5.5,104,4,1998,0,0,0,0,0,0,0,1,1,1
The Place Beyond the Pines,15000000,35.395129,140.0,6.8,1653,2,2013,1,0,0,0,0,0,1,0,0,0
The November Man,15000000,45.317278,108.0,6.0,639,3,2014,0,0,1,1,0,0,1,0,0,0
The Hurt Locker,15000000,47.006162,131.0,7.2,1840,3,2008,1,0,1,0,0,0,0,0,0,0
Firestarter,15000000,11.379652,114.0,5.9,173,5,1984,1,0,1,1,0,0,0,0,0,1
Killing Them Softly,15000000,24.612603,97.0,5.8,742,2,2012,0,0,1,0,0,0,1,0,0,0
A Most Wanted Man,15000000,26.708193,121.0,6.5,541,1,2014,0,0,1,0,0,0,0,0,0,0
U2 3D,15000000,0.3351949999999999,85.0,6.7,10,2,2007,0,0,0,0,0,0,0,0,0,0
Highlander: Endgame,25000000,11.782725,87.0,4.4,104,4,2000,0,0,0,1,0,0,0,1,1,0
One Day,15000000,16.629173,107.0,7.0,978,2,2011,1,0,0,0,1,0,0,0,0,0
Whip It,15000000,20.05902,111.0,6.7,357,1,2009,1,0,0,0,0,0,0,0,0,0
Knockaround Guys,15000000,8.113634,92.0,5.9,97,2,2001,0,0,1,0,0,0,1,0,0,0
The Man with the Iron Fists,15000000,17.672021,96.0,5.2,358,1,2012,0,0,0,1,0,0,0,0,0,0
Home Fries,15000000,3.033471,93.0,4.8,32,3,1998,1,1,0,0,1,0,0,0,0,0
Raise Your Voice,15000000,10.9071,103.0,6.0,211,3,2004,1,0,0,0,1,0,0,0,0,0
The Big Lebowski,15000000,49.230089,117.0,7.8,2926,2,1998,0,1,0,0,0,0,1,0,0,0
Black Snake Moan,15000000,11.429607,116.0,6.6,243,1,2006,1,0,0,0,0,0,0,0,0,0
Dark Blue,15000000,6.373316,118.0,6.5,85,4,2002,1,0,1,1,0,0,1,0,0,0
A Mighty Heart,16000000,9.717392,100.0,6.7,95,2,2007,1,0,1,0,0,0,0,0,0,0
Whatever It Takes,15000000,8.074807,94.0,5.0,37,3,2000,1,1,0,0,1,0,0,0,0,0
Boat Trip,20000000,7.034752,94.0,4.7,146,1,2002,0,1,0,0,0,0,0,0,0,0
In Bruges,15000000,25.329493,107.0,7.4,1388,3,2008,1,1,0,0,0,0,1,0,0,0
The Rocker,15000000,13.832376000000002,102.0,5.6,156,2,2008,0,1,0,0,0,0,0,0,0,0
Post Grad,15000000,7.446069,89.0,5.0,100,1,2009,0,1,0,0,0,0,0,0,0,0
Promised Land,15000000,13.568302,106.0,6.0,243,1,2012,1,0,0,0,0,0,0,0,0,0
Whatever Works,15000000,21.857387,92.0,6.8,350,2,2009,0,1,0,0,1,0,0,0,0,0
The In Crowd,15000000,0.249245,105.0,4.7,15,1,2000,0,0,1,0,0,0,0,0,0,0
The Three Burials of Melquiades Estrada,15000000,12.163832,121.0,7.0,177,5,2005,1,0,0,0,0,1,1,0,0,0
Kiss Kiss Bang Bang,15000000,32.690038,103.0,7.2,886,4,2005,0,1,0,1,0,0,1,0,0,0
Idle Hands,25000000,8.583217,92.0,6.1,182,3,1999,0,1,1,0,0,0,0,0,0,1
Mulholland Drive,15000000,31.60985,147.0,7.6,1477,3,2001,1,0,1,0,0,0,0,0,0,0
Never Let Me Go,15000000,30.983397,104.0,6.8,737,4,2010,1,0,0,0,1,0,0,1,1,0
Transsiberian,15000000,11.428903,111.0,6.5,195,3,2008,0,0,1,0,0,0,1,0,0,0
Funny Games,15000000,15.175289,112.0,6.3,545,3,2007,0,0,1,0,0,0,1,0,0,1
Metropolis,92620000,32.351527000000004,153.0,8.0,657,3,1927,1,0,0,0,0,0,0,1,1,0
District B13,12000000,17.493735,84.0,6.5,565,4,2004,0,0,1,1,0,0,0,1,1,0
Things to Do in Denver When You're Dead,8000000,6.932221000000001,116.0,6.7,85,2,1995,1,0,0,0,0,0,1,0,0,0
The Assassin,15000000,8.142166,105.0,6.6,157,3,2015,1,0,0,1,0,0,0,0,0,0
Ong Bak 2,8500000,9.029489,98.0,6.0,152,3,2008,0,0,1,1,0,1,0,0,0,0
Centurion,12000000,22.708647,97.0,5.9,386,3,2010,1,0,0,1,0,1,0,0,0,0
Silent Trigger,15000000,2.609057,93.0,5.0,22,3,1996,1,0,1,1,0,0,0,0,0,0
The Midnight Meat Train,15000000,19.913961,98.0,6.0,290,5,2008,1,0,1,0,0,0,1,0,0,1
All The Queen's Men,15000000,1.833058,99.0,6.1,7,4,2001,1,1,0,1,0,0,0,0,0,0
The Good Night,15000000,12.185204,93.0,5.7,41,5,2007,1,1,0,0,1,0,0,0,0,0
Khumba,20000000,6.459787,85.0,5.8,72,3,2013,0,0,0,0,0,1,0,0,0,0
Groundhog Day,14600000,52.744331,101.0,7.4,2301,4,1993,1,1,0,0,1,0,0,0,0,0
Magic Mike XXL,14800000,29.660993,115.0,6.3,706,3,2015,1,1,0,0,0,0,0,0,0,0
Romeo + Juliet,14500000,41.493042,120.0,6.7,1374,2,1996,1,0,0,0,1,0,0,0,0,0
Sarah's Key,10000000,10.072199,111.0,7.2,196,2,2010,1,0,0,0,0,0,0,0,0,0
Unforgiven,14000000,37.380435,131.0,7.7,1113,1,1992,0,0,0,0,0,0,0,0,0,0
Manderlay,14200000,7.05145,139.0,6.9,78,1,2005,1,0,0,0,0,0,0,0,0,0
Slumdog Millionaire,15000000,59.25896899999999,120.0,7.6,2827,2,2008,1,0,0,0,1,0,0,0,0,0
Fatal Attraction,14000000,16.742972,119.0,6.6,291,3,1987,1,0,1,0,1,0,0,0,0,0
Pretty Woman,14000000,45.473484,119.0,7.0,1746,2,1990,0,1,0,0,1,0,0,0,0,0
Born on the Fourth of July,14000000,25.949277,145.0,6.7,395,2,1989,1,0,0,0,0,0,0,0,0,0
Cool Runnings,14000000,22.409117,98.0,6.8,491,1,1993,0,1,0,0,0,0,0,0,0,0
My Bloody Valentine,15000000,13.706357,101.0,5.3,299,2,2009,0,0,0,0,0,0,0,0,0,1
Stomp the Yard,13000000,6.92205,114.0,6.1,88,2,2007,1,0,0,0,0,0,0,0,0,0
The Spy Who Loved Me,14000000,27.17347,125.0,6.6,507,3,1977,0,0,1,1,0,1,0,0,0,0
Urban Legend,14000000,12.159009,99.0,5.6,290,2,1998,0,0,1,0,0,0,0,0,0,1
White Fang,14000000,13.13724,107.0,6.5,135,4,1991,1,0,0,1,0,1,0,0,0,0
The Iron Lady,13000000,23.3784,105.0,6.2,527,2,2011,1,0,0,0,0,0,0,0,0,0
Poetic Justice,14000000,3.650857,109.0,6.9,47,2,1993,1,0,0,0,1,0,0,0,0,0
All About the Benjamins,14000000,5.102258,95.0,5.8,48,3,2002,0,1,0,1,0,1,0,0,0,0
Vampire in Brooklyn,14000000,6.772614999999999,100.0,4.5,111,3,1995,0,1,0,0,1,0,0,0,0,1
Exorcist II: The Heretic,14000000,11.543363,118.0,4.5,133,3,1977,0,0,1,0,0,0,0,0,0,1
A Perfect Getaway,14000000,20.792603,98.0,6.2,351,3,2009,0,0,1,0,0,1,0,0,0,0
Our Family Wedding,14000000,6.733485000000001,103.0,5.7,39,1,2010,0,1,0,0,0,0,0,0,0,0
Tea with Mussolini,12000000,2.238646,117.0,5.8,32,3,1999,1,1,0,0,0,0,0,0,0,0
I Think I Love My Wife,11000000,4.536745,90.0,5.0,55,2,2007,0,1,0,0,1,0,0,0,0,0
Jason X,11000000,11.220643,91.0,4.5,291,3,2001,0,0,0,0,0,0,0,1,1,1
Head Over Heels,14000000,4.66723,86.0,5.3,73,2,2001,0,1,0,0,1,0,0,0,0,0
Fun Size,14000000,7.487842999999999,87.0,5.5,134,1,2012,0,1,0,0,0,0,0,0,0,0
The Diving Bell and the Butterfly,14000000,13.65494,112.0,7.4,283,1,2007,1,0,0,0,0,0,0,0,0,0
Little Children,26000000,11.942862,136.0,6.9,240,2,2006,1,0,0,0,1,0,0,0,0,0
Gossip,14000000,5.833687,90.0,5.5,68,3,2000,1,0,1,0,0,0,0,0,0,0
Jefferson in Paris,14000000,0.900442,139.0,5.2,10,2,1995,1,0,0,0,1,0,0,0,0,0
Margaret,14000000,4.898424,149.0,6.1,86,1,2011,1,0,0,0,0,0,0,0,0,0
Flipped,14000000,24.210698,89.0,7.4,418,2,2010,1,0,0,0,1,0,0,0,0,0
Brokeback Mountain,14000000,44.135568,134.0,7.5,1480,2,2005,1,0,0,0,1,0,0,0,0,0
Far from Heaven,13500000,9.982885,107.0,6.9,144,2,2002,1,0,0,0,1,0,0,0,0,0
Hot Tub Time Machine 2,14000000,16.618873999999998,93.0,5.0,354,1,2015,0,1,0,0,0,0,0,0,0,0
Quills,13500000,7.261196000000001,124.0,6.8,128,1,2000,1,0,0,0,0,0,0,0,0,0
Seven Psychopaths,15000000,32.306455,110.0,6.7,1206,2,2012,0,1,0,0,0,0,1,0,0,0
Downfall,18339750,32.445895,156.0,7.7,1037,3,2004,1,0,0,0,0,0,0,0,0,0
The Sea Inside,12806000,17.363739000000002,125.0,7.2,219,1,2004,1,0,0,0,0,0,0,0,0,0
Under the Skin,13300000,29.782161,108.0,6.0,1102,4,2014,1,0,1,0,0,0,0,1,1,0
"Good Morning, Vietnam",13000000,18.362333,121.0,7.1,642,3,1987,1,1,0,0,0,0,0,0,0,0
The Last Godfather,13400000,0.6807529999999999,100.0,4.7,7,3,2010,0,1,1,1,0,0,0,0,0,0
Justin Bieber: Never Say Never,13000000,6.735922,105.0,4.8,154,3,2011,0,0,0,0,0,0,0,0,0,0
Black Swan,13000000,91.285683,108.0,7.3,4430,2,2010,1,0,1,0,0,0,0,0,0,0
The Godfather: Part II,13000000,105.792936,200.0,8.3,3338,2,1974,1,0,0,0,0,0,1,0,0,0
Save the Last Dance,13000000,9.969624,112.0,6.3,352,4,2001,1,0,0,0,1,0,0,0,0,0
A Nightmare on Elm Street 4: The Dream Master,7000000,17.113408,99.0,5.8,281,2,1988,0,0,1,0,0,0,0,0,0,1
Miracles from Heaven,16000000,10.248439,117.0,6.7,186,1,2016,1,0,0,0,0,0,0,0,0,0
"Dude, Where’s My Car?",13000000,25.316146,83.0,5.2,509,1,2000,0,1,0,0,0,0,0,0,0,0
Young Guns,13000000,9.499325,107.0,6.6,258,5,1988,1,0,0,1,0,1,1,0,0,0
St. Vincent,13000000,43.791745,102.0,7.1,763,1,2014,0,1,0,0,0,0,0,0,0,0
About Last Night,12500000,11.828068,100.0,6.0,210,2,2014,0,1,0,0,1,0,0,0,0,0
10 Things I Hate About You,16000000,54.550275,97.0,7.3,1701,3,1999,1,1,0,0,1,0,0,0,0,0
The Shallows,17000000,60.829621,86.0,6.2,1567,3,2016,1,0,1,0,0,0,0,0,0,1
The Butterfly Effect,13000000,73.307513,113.0,7.3,2060,3,2004,0,0,1,0,0,0,0,1,1,0
Baby Geniuses,12000000,4.580081,97.0,3.3,75,4,1999,0,1,0,0,0,0,0,1,1,0
The Big Hit,13000000,6.425528,91.0,6.1,109,4,1998,0,1,1,1,0,1,0,0,0,0
Child's Play 2,13000000,16.681567,84.0,5.8,308,2,1990,1,0,0,0,0,0,0,0,0,1
No Good Deed,13200000,24.656068,83.0,5.6,181,2,2014,0,0,1,0,0,0,1,0,0,0
The Mist,18000000,37.104353,126.0,6.7,1399,4,2007,0,0,1,0,0,0,0,1,1,1
Ex Machina,15000000,95.130041,108.0,7.6,4737,3,2015,1,0,0,0,0,0,0,1,1,0
Being John Malkovich,13000000,27.546914,112.0,7.3,1101,3,1999,1,1,0,0,0,0,0,0,0,0
Earth to Echo,13000000,17.371326999999994,89.0,5.7,290,4,2014,0,0,0,0,0,1,0,1,1,0
Crazy/Beautiful,13000000,6.130096,99.0,6.6,96,2,2001,1,0,0,0,1,0,0,0,0,0
Letters from Iwo Jima,19000000,24.47248,141.0,7.2,541,4,2006,1,0,0,1,0,1,0,0,0,0
The Astronaut Farmer,13000000,6.764436999999999,104.0,6.2,123,5,2006,1,1,0,0,0,1,0,1,1,0
Woo,13000000,1.750054,84.0,5.5,10,2,1998,0,1,0,0,1,0,0,0,0,0
Room,6000000,66.11334000000001,117.0,8.1,2757,2,2015,1,0,1,0,0,0,0,0,0,0
Serial Mom,13000000,6.170139,95.0,6.4,135,4,1994,0,1,1,0,0,0,1,0,0,1
Dick,13000000,4.742537,94.0,5.7,67,1,1999,0,1,0,0,0,0,0,0,0,0
54,13000000,11.880899,106.0,5.5,135,2,1998,1,0,0,0,0,0,0,0,0,0
21 & Over,13000000,35.522027,93.0,5.7,737,1,2013,0,1,0,0,0,0,0,0,0,0
"Paris, je t'aime",13000000,10.573191,120.0,6.8,207,2,2006,1,0,0,0,1,0,0,0,0,0
Admission,13000000,17.632445999999995,107.0,5.4,304,3,2013,1,1,0,0,1,0,0,0,0,0
Chloe,15000000,26.373864,96.0,5.9,498,3,2009,1,0,1,0,0,0,0,0,0,0
Faithful,13000000,1.6473349999999998,91.0,4.8,4,3,1996,1,1,0,0,0,0,1,0,0,0
Find Me Guilty,13000000,12.321302,125.0,6.5,138,4,2006,1,1,0,1,0,0,1,0,0,0
The Perks of Being a Wallflower,13000000,43.444135,102.0,7.7,2968,2,2012,1,0,0,0,1,0,0,0,0,0
Excessive Force,3000000,1.279106,87.0,4.5,10,1,1993,0,0,0,1,0,0,0,0,0,0
Infamous,13000000,3.680896,110.0,6.4,60,1,2006,1,0,0,0,0,0,0,0,0,0
The Vatican Tapes,13000000,10.475368,91.0,4.6,243,2,2015,0,0,1,0,0,0,0,0,0,1
Attack the Block,14350531,30.952377,88.0,6.3,733,4,2011,0,1,0,1,0,0,0,1,1,0
In the Land of Blood and Honey,10000000,4.2674660000000015,127.0,5.8,45,3,2011,1,0,0,0,1,0,0,0,0,0
The Call,13000000,34.532418,94.0,6.6,1257,2,2013,0,0,1,0,0,0,1,0,0,0
I Love You Phillip Morris,13000000,19.664699,98.0,6.4,503,3,2009,1,1,0,0,1,0,0,0,0,0
Quest for Fire,12000000,6.537986,100.0,7.1,109,2,1981,1,0,0,0,0,1,0,0,0,0
Antwone Fisher,12500000,13.349012,120.0,6.7,137,2,2002,1,0,0,0,1,0,0,0,0,0
True Romance,12500000,35.268557,120.0,7.5,749,4,1993,0,0,1,1,1,0,1,0,0,0
Glengarry Glen Ross,12500000,13.939054,100.0,7.5,323,3,1992,1,0,0,0,0,0,1,0,0,0
Sorority Row,12500000,8.780512,101.0,5.4,177,3,2009,0,0,1,0,0,0,0,0,0,1
Lars and the Real Girl,12000000,15.817096,106.0,7.1,509,3,2007,1,1,0,0,1,0,0,0,0,0
The Boy in the Striped Pyjamas,12500000,34.821223,94.0,7.7,1451,2,2008,1,0,0,0,0,0,0,0,0,0
Dancer in the Dark,12800000,22.022228,140.0,7.6,377,3,2000,1,0,0,0,0,0,1,0,0,0
The Funeral,12500000,2.950618,99.0,7.3,31,2,1996,1,0,0,0,0,0,1,0,0,0
Solitary Man,15000000,7.497306,90.0,5.8,84,3,2009,1,1,0,0,1,0,0,0,0,0
Machete,20000000,26.396191,105.0,6.3,1150,3,2010,0,1,1,1,0,0,0,0,0,0
Casino Jack,12500000,6.546037,108.0,6.0,94,3,2010,1,1,0,0,0,0,1,0,0,0
The Land Before Time,12300000,28.670193,69.0,7.0,640,3,1988,0,0,0,0,0,1,0,0,0,0
The Perfect Game,12500000,0.903529,118.0,6.3,30,2,2010,1,0,0,0,0,0,0,0,0,0
The Exorcist,8000000,47.584643,122.0,7.5,2005,3,1973,1,0,1,0,0,0,0,0,0,1
Jaws,7000000,50.152327,124.0,7.5,2542,3,1975,0,0,1,0,0,1,0,0,0,1
American Pie,11000000,60.76716800000001,95.0,6.4,2296,2,1999,0,1,0,0,1,0,0,0,0,0
Ernest & Celestine,12516654,11.103202,78.0,7.6,142,4,2012,1,1,0,0,0,0,0,0,0,0
The Golden Child,25000000,15.26213,94.0,5.6,304,3,1986,0,1,0,1,0,1,0,0,0,0
Think Like a Man,12000000,6.035152,122.0,6.9,281,2,2012,0,1,0,0,1,0,0,0,0,0
Barbershop,12000000,10.297189,102.0,6.2,137,2,2002,1,1,0,0,0,0,0,0,0,0
Star Trek II: The Wrath of Khan,12000000,22.434102,113.0,7.3,675,5,1982,0,0,1,1,0,1,0,1,1,0
Ace Ventura: Pet Detective,15000000,41.249004,86.0,6.4,1648,2,1994,0,1,0,0,0,0,0,0,0,0
WarGames,12000000,23.161754,114.0,7.0,504,3,1983,0,0,1,0,0,0,0,1,1,0
Witness,12000000,19.195399,113.0,7.0,375,4,1985,1,0,1,0,1,0,1,0,0,0
Act of Valor,12000000,21.958055,110.0,6.3,417,3,2012,0,0,1,1,0,0,0,0,0,0
Step Up,12000000,45.477802,104.0,6.7,1060,4,2006,1,0,0,0,1,0,1,0,0,0
Jackie Brown,12000000,40.631671,154.0,7.3,1514,3,1997,0,1,0,0,1,0,1,0,0,0
Harold & Kumar Escape from Guantanamo Bay,12000000,26.219598,107.0,6.2,497,2,2008,0,1,0,0,0,1,0,0,0,0
Chronicle,15000000,64.504747,84.0,6.6,1935,4,2012,1,0,1,0,0,0,0,1,1,0
Yentl,12000000,3.389249,132.0,6.2,51,3,1983,1,0,0,0,1,0,0,0,0,0
Time Bandits,5000000,14.779537,116.0,6.6,249,6,1981,0,1,0,0,0,1,0,1,1,0
Crossroads,12000000,6.7033190000000005,93.0,4.7,158,5,2002,1,1,0,1,0,1,0,0,0,0
Project X,12000000,49.070321,88.0,6.5,1564,2,2012,0,1,0,0,0,0,1,0,0,0
Patton,12000000,21.933822,172.0,7.3,323,3,1970,1,0,0,0,0,0,0,0,0,0
One Hour Photo,12000000,20.624896,96.0,6.6,435,2,2002,0,0,1,0,0,0,0,0,0,1
Quarantine,12000000,8.083995,89.0,5.5,339,4,2008,0,0,1,0,0,0,0,1,1,1
The Eye,12000000,11.135734,98.0,5.5,281,3,2008,1,0,1,0,0,0,0,0,0,1
Johnson Family Vacation,12000000,4.623609,97.0,4.7,30,2,2004,0,1,0,0,0,0,0,0,0,0
How High,12000000,11.510281,93.0,6.3,218,1,2001,0,1,0,0,0,0,0,0,0,0
Frida,12000000,18.422327,123.0,7.3,383,2,2002,1,0,0,0,1,0,0,0,0,0
Katy Perry: Part of Me,12000000,8.410688,93.0,6.5,85,2,2012,0,0,0,0,0,0,0,0,0,0
The Fault in Our Stars,12000000,74.358971,125.0,7.6,3759,2,2014,1,0,0,0,1,0,0,0,0,0
Rounders,12000000,18.422008,121.0,6.9,439,2,1998,1,0,0,0,0,0,1,0,0,0
Prophecy,12000000,8.616589999999999,102.0,5.4,25,3,1979,0,0,0,0,0,0,0,1,1,1
Stir of Echoes,12000000,6.044161,99.0,6.5,330,3,1999,0,0,1,0,0,0,0,0,0,1
Philomena,12000000,29.019504,98.0,7.4,579,1,2013,1,0,0,0,0,0,0,0,0,0
Aquamarine,12000000,16.931846,104.0,5.8,364,4,2006,0,1,0,0,1,0,0,0,0,0
Paper Towns,12000000,64.610671,109.0,6.1,1937,3,2015,1,0,0,0,1,0,0,0,0,0
Nebraska,12000000,29.223881,115.0,7.4,636,2,2013,1,0,0,0,0,1,0,0,0,0
Max Keeble's Big Move,12000000,1.0818219999999998,86.0,5.4,33,5,2001,0,1,0,0,0,0,0,1,1,0
Young Adult,12000000,16.183746,94.0,5.6,364,2,2011,1,1,0,0,0,0,0,0,0,0
Crank,12000000,47.992817,88.0,6.6,1151,3,2006,0,0,1,1,0,0,1,0,0,0
Living Out Loud,12000000,0.700792,100.0,5.3,11,3,1998,1,1,0,0,1,0,0,0,0,0
Das Boot,14000000,26.967494,149.0,7.9,613,5,1981,1,0,0,1,0,1,0,0,0,0
Arbitrage,12000000,16.40512,100.0,6.1,294,2,2012,1,0,1,0,0,0,0,0,0,0
Project Almanac,12000000,32.940597,106.0,6.4,933,3,2015,0,0,1,0,0,0,0,1,1,0
Fortress,8000000,8.708229,95.0,5.7,168,4,1992,0,0,1,1,0,0,0,1,1,0
For Your Consideration,12000000,4.330428,86.0,5.9,43,2,2006,1,1,0,0,0,0,0,0,0,0
Running with Scissors,12000000,4.770194999999998,116.0,5.8,78,2,2006,1,1,0,0,0,0,0,0,0,0
From Justin to Kelly,12000000,1.623338,90.0,3.0,23,2,2003,0,1,0,0,1,0,0,0,0,0
Girl 6,12000000,2.993939,108.0,5.7,16,1,1996,0,1,0,0,0,0,0,0,0,0
In the Cut,12000000,10.536092,119.0,4.6,89,2,2003,0,0,1,0,0,0,0,0,0,0
Two Lovers,12000000,8.290636,110.0,6.6,154,2,2008,1,0,0,0,1,0,0,0,0,0
The Host,11000000,27.65527,119.0,6.7,537,4,2006,1,0,0,0,0,0,0,1,1,1
The Great Beauty,12400000,32.523573,142.0,7.3,720,2,2013,1,1,0,0,0,0,0,0,0,0
Stoker,12000000,27.322212,99.0,6.5,882,3,2013,1,0,1,0,0,0,0,0,0,1
2046,12000000,12.664787,129.0,6.9,206,5,2004,1,0,0,0,1,0,0,1,1,0
Ondine,12000000,5.841285,111.0,6.5,84,2,2009,1,0,0,0,1,0,0,0,0,0
Brother,12000000,5.327714,114.0,6.8,107,3,2000,1,0,1,0,0,0,1,0,0,0
City of Life and Death,12000000,4.793348,132.0,7.6,55,3,2009,1,0,0,0,0,0,0,0,0,0
Legend of a Rabbit,19000000,0.7386520000000001,89.0,3.0,3,5,2011,0,1,0,1,0,1,0,0,0,0
Space Battleship Yamato,12000000,5.158067,131.0,6.3,59,2,2010,0,0,0,0,0,0,0,1,1,0
5 Days of War,20000000,5.727602,113.0,5.8,62,2,2011,1,0,0,0,0,0,0,0,0,0
Heaven is for Real,12000000,11.150261,99.0,6.0,229,1,2014,1,0,0,0,0,0,0,0,0,0
Snatch,10000000,53.595686,103.0,7.7,2912,2,2000,0,0,1,0,0,0,1,0,0,0
Pet Sematary,11500000,20.747994,103.0,6.4,407,2,1989,1,0,0,0,0,0,0,0,0,1
Gremlins,11000000,45.072136,106.0,6.9,1596,3,1984,0,1,0,0,0,0,0,0,0,1
Star Wars,11000000,126.393695,121.0,8.1,6624,4,1977,0,0,0,1,0,1,0,1,1,0
Dirty Grandpa,11500000,56.805781,102.0,5.7,1406,1,2016,0,1,0,0,0,0,0,0,0,0
Doctor Zhivago,11000000,12.854853,197.0,7.4,247,3,1965,1,0,0,0,1,0,0,0,0,0
The Fighter,25000000,31.019381,116.0,7.2,1486,1,2010,1,0,0,0,0,0,0,0,0,0
Jackass Number Two,11000000,11.227087,95.0,6.4,298,3,2006,0,1,0,1,0,0,0,0,0,0
My Cousin Vinny,11000000,19.231507,120.0,7.3,384,2,1992,1,1,0,0,0,0,0,0,0,0
If I Stay,11000000,31.162838,106.0,7.3,1368,1,2014,1,0,0,0,0,0,0,0,0,0
Major League,11000000,7.559191999999999,107.0,6.6,217,1,1989,0,1,0,0,0,0,0,0,0,0
Phone Booth,13000000,38.018085,81.0,6.7,1062,2,2002,1,0,1,0,0,0,0,0,0,0
A Walk to Remember,11000000,33.283553999999995,101.0,7.5,1018,2,2002,1,0,0,0,1,0,0,0,0,0
Dead Man Walking,11000000,15.864928,122.0,7.3,337,1,1995,1,0,0,0,0,0,0,0,0,0
Cruel Intentions,10500000,23.449703,97.0,6.6,827,3,1999,1,0,1,0,1,0,0,0,0,0
Saw VI,11000000,31.900899,90.0,6.0,722,2,2009,0,0,0,0,0,0,0,0,0,1
History of the World: Part I,11000000,14.282314,92.0,6.5,204,1,1981,0,1,0,0,0,0,0,0,0,0
The Secret Life of Bees,11000000,7.645979,114.0,7.4,158,1,2008,0,0,0,0,0,1,0,0,0,0
Corky Romano,11000000,3.4957580000000004,86.0,4.1,54,3,2001,0,1,0,1,0,0,1,0,0,0
Raising Cain,12000000,7.558959,91.0,5.9,65,4,1992,1,0,1,0,0,0,1,0,0,1
F.I.S.T.,11,3.375208,145.0,6.4,29,2,1978,1,0,0,1,0,0,0,0,0,0
Invaders from Mars,12000000,4.234269,100.0,5.5,57,2,1986,0,0,0,0,0,0,0,1,1,0
Brooklyn,11000000,39.337949,111.0,7.2,1213,2,2015,1,0,0,0,1,0,0,0,0,0
Barry Lyndon,11000000,29.543331,184.0,7.7,505,3,1975,1,0,0,0,1,0,0,0,0,0
Out Cold,24000000,4.12064,89.0,5.8,53,1,2001,0,1,0,0,0,0,0,0,0,0
The Ladies Man,24000000,2.259537,84.0,5.7,34,1,2000,0,1,0,0,0,0,0,0,0,0
Quartet,11000000,7.722021000000002,98.0,6.3,139,3,2012,1,1,0,0,1,0,0,0,0,0
Tomcats,11000000,7.063053,95.0,4.9,74,2,2001,0,1,0,0,1,0,0,0,0,0
Frailty,11000000,16.003957999999994,100.0,7.0,334,3,2001,1,0,1,0,0,0,1,0,0,0
Woman in Gold,11000000,21.204929,120.0,7.3,440,1,2015,1,0,0,0,0,0,0,0,0,0
Slackers,14000000,9.371811,86.0,5.4,60,2,2002,0,1,0,0,1,0,0,0,0,0
What's Eating Gilbert Grape,11000000,33.282794,118.0,7.5,919,2,1993,1,0,0,0,1,0,0,0,0,0
The Visual Bible: The Gospel of John,10000000,3.208172,125.0,8.2,12,2,2003,1,0,0,0,0,0,0,0,0,0
The Perez Family,11000000,1.187671,113.0,6.6,9,3,1995,1,1,0,0,1,0,0,0,0,0
Inside Llewyn Davis,11000000,36.319205,105.0,7.2,834,2,2013,1,0,0,0,0,0,0,0,0,0
Return to the Blue Lagoon,11000000,9.705589,98.0,5.1,153,3,1991,1,0,0,0,1,1,0,0,0,0
The Molly Maguires,11000000,1.396985,124.0,5.9,16,2,1970,1,0,0,0,0,0,0,0,0,0
Saw V,10800000,32.943848,92.0,5.9,820,3,2008,0,0,1,0,0,0,1,0,0,1
Kabhi Alvida Naa Kehna,7400000,3.246903,193.0,6.1,42,2,2006,1,0,0,0,1,0,0,0,0,0
An Ideal Husband,14000000,4.519523,97.0,6.3,46,3,1999,1,1,0,0,1,0,0,0,0,0
2001: A Space Odyssey,10500000,86.201184,149.0,7.9,2998,4,1968,0,0,0,0,0,1,0,1,1,0
E.T. the Extra-Terrestrial,10500000,56.105798,115.0,7.3,3269,5,1982,0,0,0,0,0,1,0,1,1,0
In the Land of Women,10000000,12.792446,97.0,5.8,160,3,2007,1,1,0,0,1,0,0,0,0,0
There Goes My Baby,10500000,0.037073,99.0,8.5,2,2,1994,1,1,0,0,0,0,0,0,0,0
For Greater Glory - The True Story of Cristiada,12000000,5.759545,145.0,6.4,35,2,2012,1,0,0,0,0,0,0,0,0,0
Good Will Hunting,10000000,43.734886,126.0,7.9,2811,1,1997,1,0,0,0,0,0,0,0,0,0
Saw III,10000000,33.124871,108.0,6.1,1071,3,2006,0,0,1,0,0,0,1,0,0,1
Stripes,10000000,10.892398,106.0,6.5,249,2,1981,0,1,0,1,0,0,0,0,0,0
Bring It On,28000000,14.754281,98.0,5.8,568,1,2000,0,1,0,0,0,0,0,0,0,0
The Purge: Election Year,10000000,53.727146,105.0,6.1,1306,3,2016,0,0,1,1,0,0,0,0,0,1
She's All That,10000000,8.9876,95.0,5.7,418,2,1999,0,1,0,0,1,0,0,0,0,0
Saw IV,10000000,29.244768,93.0,5.9,903,3,2007,0,0,1,0,0,0,1,0,0,1
White Noise,10000000,14.447723000000002,101.0,5.6,261,3,2005,1,0,1,0,0,0,0,0,0,1
Madea's Family Reunion,6000000,5.882208,110.0,6.0,77,3,2006,1,1,0,0,1,0,0,0,0,0
The Color of Money,13800000,17.3393,119.0,6.7,291,1,1986,1,0,0,0,0,0,0,0,0,0
The Longest Day,10000000,19.524972,178.0,7.2,234,4,1962,1,0,0,1,0,0,0,0,0,0
The Mighty Ducks,10000000,8.932837,101.0,6.4,198,2,1992,0,1,0,0,0,0,0,0,0,0
The Grudge,10000000,35.695442,92.0,5.8,865,3,2004,0,0,1,0,0,0,0,0,0,1
Happy Gilmore,12000000,26.598884,92.0,6.5,755,1,1996,0,1,0,0,0,0,0,0,0,0
Jeepers Creepers,10000000,23.316208,90.0,6.1,720,2,2001,0,0,1,0,0,0,0,0,0,1
Bill & Ted's Excellent Adventure,10000000,25.929893,90.0,6.7,454,4,1989,0,1,0,0,0,1,0,1,1,0
Oliver!,10000000,8.305997999999999,153.0,7.0,103,3,1968,1,0,0,0,0,0,0,0,0,0
The Best Exotic Marigold Hotel,10000000,21.258991,124.0,6.9,459,2,2011,1,1,0,0,0,0,0,0,0,0
Recess: School's Out,10000000,5.699058,83.0,6.6,67,5,2001,0,1,0,0,0,0,0,1,1,0
Mad Max Beyond Thunderdome,12305523,36.582038,107.0,5.9,748,4,1985,0,0,0,1,0,1,0,1,1,0
Commando,10000000,34.224204,90.0,6.4,742,3,1985,0,0,1,1,0,1,0,0,0,0
The Boy,10000000,38.17948300000001,97.0,5.8,1102,3,2016,0,0,1,0,0,0,0,0,0,1
Devil,10000000,30.934688,80.0,5.8,816,3,2010,0,0,1,0,0,0,0,0,0,1
Friday After Next,20000000,7.499639,85.0,6.0,100,1,2002,0,1,0,0,0,0,0,0,0,0
Insidious: Chapter 3,10000000,45.946524,97.0,6.2,983,3,2015,1,0,1,0,0,0,0,0,0,1
The Last Dragon,10000000,4.928776999999998,108.0,6.4,69,3,1985,0,1,0,1,0,1,0,0,0,0
The Lawnmower Man,10000000,10.125029,108.0,5.4,197,4,1992,0,0,1,0,0,0,0,1,1,1
Nick and Norah's Infinite Playlist,9000000,20.452449,89.0,6.4,379,3,2008,0,1,0,0,1,0,0,0,0,0
Dogma,10000000,14.543435,130.0,6.8,823,3,1999,0,1,0,0,0,1,0,0,0,0
Twilight Zone: The Movie,10000000,12.902975,101.0,6.2,161,6,1983,1,0,1,0,0,0,0,1,1,1
Road House,15000000,6.216203,114.0,6.3,252,2,1989,0,0,1,1,0,0,0,0,0,0
A Low Down Dirty Shame,10000000,3.290639,100.0,6.0,31,3,1994,0,1,0,1,0,0,1,0,0,0
Swimfan,8500000,4.844451,84.0,5.0,70,2,2002,1,0,1,0,0,0,0,0,0,0
Employee of the Month,12000000,9.559737,103.0,5.3,153,2,2006,0,1,0,0,1,0,0,0,0,0
Can't Hardly Wait,10000000,11.350382000000002,100.0,6.1,122,3,1998,1,1,0,0,1,0,0,0,0,0
The Outsiders,10000000,13.455373000000002,91.0,6.9,291,2,1983,1,0,0,0,0,0,1,0,0,0
Pete's Dragon,65000000,31.974359000000003,102.0,6.2,679,3,2016,0,0,0,0,0,1,0,0,0,0
The Dead Zone,10000000,16.785120000000006,103.0,6.9,311,4,1983,0,0,1,0,0,0,0,1,1,1
Sinister 2,10000000,26.090495,97.0,5.4,581,1,2015,0,0,0,0,0,0,0,0,0,1
Sparkle,14000000,2.698185,116.0,5.8,36,2,2012,1,0,0,0,0,0,0,0,0,0
The Fourth Kind,10000000,22.888173,98.0,5.8,441,4,2009,0,0,1,0,0,0,0,1,1,0
Rushmore,9000000,18.289303,93.0,7.5,676,2,1998,1,1,0,0,0,0,0,0,0,0
Skyline,10000000,26.268209,100.0,4.7,507,2,2010,0,0,0,0,0,0,0,1,1,0
The Second Best Exotic Marigold Hotel,10000000,17.592299,122.0,6.3,272,2,2015,1,1,0,0,0,0,0,0,0,0
Mo' Better Blues,10000000,3.079862,129.0,6.3,47,2,1990,1,0,0,0,1,0,0,0,0,0
Tremors,11000000,32.579697,96.0,6.6,864,2,1990,0,0,0,1,0,0,0,0,0,1
Wrong Turn,12600000,33.555764,84.0,6.0,635,2,2003,0,0,1,0,0,0,0,0,0,1
The Long Riders,10000000,2.959547,99.0,6.6,50,2,1980,0,0,0,0,0,0,0,0,0,0
The Corruptor,25000000,4.068107,110.0,6.0,57,4,1999,0,0,1,1,0,0,1,0,0,0
Mud,10000000,17.663353,130.0,7.0,1068,1,2013,1,0,0,0,0,0,0,0,0,0
Reno 911!: Miami,10000000,4.207456,84.0,5.6,72,4,2007,0,1,0,1,0,1,1,0,0,0
My Week with Marilyn,6400000,21.006078,99.0,6.6,406,1,2011,1,0,0,0,0,0,0,0,0,0
The Matador,10000000,5.647538,96.0,6.2,136,5,2005,1,1,1,1,0,0,1,0,0,0
The Gift,5000000,27.247013,108.0,6.7,1049,2,2015,0,0,1,0,0,0,0,0,0,0
Office Space,10000000,18.366362,89.0,7.4,1050,2,1999,0,1,0,0,0,0,1,0,0,0
Drop Dead Gorgeous,10000000,6.736274000000001,98.0,6.4,86,1,1999,0,1,0,0,0,0,0,0,0,0
Big Eyes,10000000,28.570174,105.0,6.8,1196,1,2014,1,0,0,0,0,0,0,0,0,0
Very Bad Things,30000000,5.671691,100.0,6.2,179,3,1998,0,1,1,0,0,0,1,0,0,0
Body Double,10000000,9.525626,114.0,6.4,137,4,1984,0,0,1,0,0,0,1,0,0,1
MacGruber,10000000,14.038512,90.0,5.1,179,3,2010,0,1,0,1,0,1,0,0,0,0
Movie 43,6000000,35.35030300000001,90.0,4.4,797,1,2013,0,1,0,0,0,0,0,0,0,0
Seeking a Friend for the End of the World,10000000,30.863082,101.0,6.3,700,5,2012,1,1,0,0,1,0,0,1,1,0
American History X,20000000,73.56723199999998,119.0,8.2,3016,1,1998,1,0,0,0,0,0,0,0,0,0
The Red Violin,18000000,6.18869,131.0,7.3,99,5,1998,1,0,1,0,1,0,0,0,0,0
Bad Words,9500000,14.105392000000002,88.0,6.4,334,1,2013,0,1,0,0,0,0,0,0,0,0
"Run, Fatboy, Run",10000000,14.905357,100.0,6.2,238,2,2007,0,1,0,0,1,0,0,0,0,0
Heartbeeps,10000000,0.5180560000000001,79.0,3.8,6,3,1981,0,1,0,0,1,0,0,0,0,0
Black or White,9000000,12.172131,121.0,6.5,115,1,2014,1,0,0,0,0,0,0,0,0,0
Rescue Dawn,10000000,17.078656,126.0,6.9,336,3,2006,1,0,0,0,0,1,0,0,0,0
Danny Collins,10000000,16.318607999999998,107.0,6.6,183,3,2015,1,1,0,0,0,0,0,0,0,0
"Jeff, Who Lives at Home",10000000,10.409155,83.0,6.1,217,2,2011,1,1,0,0,0,0,0,0,0,0
Romeo Is Bleeding,11500000,4.850402,100.0,5.7,36,4,1993,1,0,1,1,0,0,1,0,0,0
The Limey,10000000,8.902102000000003,89.0,6.6,105,5,1999,1,0,1,1,0,0,1,0,0,0
Crash,6500000,28.223163,112.0,7.2,1149,1,2004,1,0,0,0,0,0,0,0,0,0
The House of Mirth,10000000,3.007816,140.0,6.4,25,2,2000,1,0,0,0,1,0,0,0,0,0
The Forest,10000000,19.86598900000001,95.0,4.8,448,2,2016,0,0,1,0,0,0,0,0,0,1
Sphinx,14000000,0.310513,118.0,6.0,2,3,1981,0,0,1,0,0,1,0,0,0,0
While We're Young,10000000,19.263477,97.0,5.8,383,3,2015,1,1,0,0,0,0,0,0,0,0
A Better Life,10000000,4.123533,98.0,7.0,54,1,2011,1,0,0,0,0,0,0,0,0,0
Gun Shy,10000000,3.988432,101.0,5.4,24,4,2000,0,1,1,1,1,0,0,0,0,0
The Iceman,20000000,19.494703,105.0,6.4,365,3,2012,1,0,1,0,0,0,1,0,0,0
Killer Joe,10000000,16.436177999999998,102.0,6.5,425,3,2011,1,0,1,0,0,0,1,0,0,0
The Joneses,10000000,14.979375,96.0,6.1,210,2,2009,1,1,0,0,0,0,0,0,0,0
My Blueberry Nights,10000000,10.733761,111.0,6.0,190,2,2007,1,0,0,0,1,0,0,0,0,0
Swept Away,10000000,4.570043,89.0,4.8,50,2,2002,0,1,0,0,1,0,0,0,0,0
"War, Inc.",5000000,6.265658999999999,106.0,5.6,86,4,2008,0,1,1,1,0,1,0,0,0,0
Coriolanus,7700000,7.554799000000001,123.0,5.9,131,2,2011,1,0,1,0,0,0,0,0,0,0
World's Greatest Dad,10000000,9.805551,99.0,6.5,177,2,2009,0,1,0,0,1,0,0,0,0,0
"An Alan Smithee Film: Burn, Hollywood, Burn",10000000,0.666218,86.0,3.0,9,1,1998,0,1,0,0,0,0,0,0,0,0
Strangerland,10000000,5.1456550000000005,111.0,5.1,83,2,2015,1,0,1,0,0,0,0,0,0,0
Janky Promoters,10000000,1.728816,85.0,7.0,5,1,2009,0,1,0,0,0,0,0,0,0,0
Of Horses and Men,10,1.617943,85.0,6.9,26,3,2013,1,1,0,0,1,0,0,0,0,0
Nurse 3-D,10,10.013629,99.0,4.9,119,2,2013,0,0,1,0,0,0,0,0,0,1
Adventureland,9500000,19.978021,107.0,6.4,737,1,2009,0,1,0,0,0,0,0,0,0,0
The Lost City,9600000,3.5885290000000003,144.0,6.0,24,2,2005,1,0,0,0,1,0,0,0,0,0
Next Friday,11000000,9.337388,98.0,6.4,135,1,2000,0,1,0,0,0,0,0,0,0,0
You Only Live Twice,9500000,28.675891,117.0,6.5,531,3,1967,0,0,1,1,0,1,0,0,0,0
Amour,8900000,17.151293,127.0,7.5,400,2,2012,1,0,0,0,1,0,0,0,0,0
Poltergeist III,10500000,11.225044,98.0,4.5,123,2,1988,0,0,1,0,0,0,0,0,0,1
"It's a Mad, Mad, Mad, Mad World",9400000,14.562991,163.0,7.0,140,4,1963,0,1,0,1,0,1,1,0,0,0
Volver,12899867,19.747809,121.0,7.3,406,3,2006,1,1,0,0,1,0,0,0,0,0
Melancholia,7400000,36.173598,136.0,7.0,885,3,2011,1,0,0,0,0,0,0,1,1,0
Alien,11000000,94.184658,117.0,7.9,4470,5,1979,0,0,1,1,0,0,0,1,1,1
The Texas Chain Saw Massacre,85000,29.262427,83.0,7.2,590,1,1974,0,0,0,0,0,0,0,0,0,1
The Runaways,10000000,17.611971,106.0,6.3,254,2,2010,1,0,0,0,0,0,0,0,0,0
Fiddler on the Roof,9000000,7.6239789999999985,181.0,7.4,134,2,1971,1,0,0,0,1,0,0,0,0,0
Thunderball,5500000,31.036,130.0,6.5,562,3,1965,0,0,1,1,0,1,0,0,0,0
Loose Cannons,7000000,7.720692,110.0,7.0,118,3,2010,1,1,0,0,1,0,0,0,0,0
Set It Off,9000000,6.717994,118.0,6.9,66,3,1996,1,0,0,1,0,0,1,0,0,0
The Best Man,9000000,3.951041000000002,120.0,6.8,38,2,1999,1,1,0,0,0,0,0,0,0,0
Child's Play,9000000,27.600843,87.0,6.3,581,2,1988,0,0,1,0,0,0,0,0,0,1
Sicko,9000000,14.098952,123.0,7.3,235,1,2007,0,0,0,0,0,0,0,0,0,0
The Purge: Anarchy,9000000,82.975841,104.0,6.6,1954,2,2014,0,0,1,0,0,0,0,0,0,1
Harold & Kumar Go to White Castle,9000000,18.514292,88.0,6.6,693,2,2004,0,1,0,0,0,1,0,0,0,0
Boiler Room,26000000,11.233081,118.0,6.5,201,3,2000,1,0,1,0,0,0,1,0,0,0
Trading Places,40600000,34.022209000000004,116.0,7.1,738,1,1983,0,1,0,0,0,0,0,0,0,0
Black Christmas,9000000,4.134327,84.0,4.8,119,2,2006,0,0,1,0,0,0,0,0,0,1
The Way of the Gun,8500000,8.775844000000001,119.0,6.4,100,4,2000,1,0,1,1,0,0,1,0,0,0
Igby Goes Down,9000000,2.062087,97.0,6.5,95,2,2002,1,1,0,0,0,0,0,0,0,0
PCU,9000000,8.738737,79.0,6.0,41,1,1994,0,1,0,0,0,0,0,0,0,0
Gracie,9000000,2.365328,97.0,6.0,17,1,2007,1,0,0,0,0,0,0,0,0,0
Glee: The Concert Movie,9000000,9.933926,84.0,6.8,79,3,2011,0,0,0,0,0,0,0,0,0,0
Barbecue,6000000,5.119593,98.0,5.8,214,1,2014,0,1,0,0,0,0,0,0,0,0
Princess Kaiulani,9000000,0.717811,130.0,4.8,14,1,2010,1,0,0,0,0,0,0,0,0,0
Opal Dream,5000000,1.458884,86.0,6.1,7,3,2006,1,0,0,0,0,0,0,0,0,0
Undiscovered,9000000,2.0095970000000003,97.0,4.5,12,2,2005,0,1,0,0,1,0,0,0,0,0
Crocodile Dundee,5000000,16.072466,97.0,6.3,503,2,1986,0,1,0,0,0,1,0,0,0,0
Awake,86000000,18.172736,84.0,6.3,395,3,2007,0,0,1,0,0,0,1,0,0,0
The Lost Boys,8500000,24.750909,97.0,6.8,538,2,1987,0,1,0,0,0,0,0,0,0,1
Crazy Heart,7000000,17.697042,112.0,6.8,274,3,2009,1,0,0,0,1,0,0,0,0,0
The Rose,9250000,7.000949,125.0,6.8,28,3,1979,1,0,0,0,1,0,0,0,0,0
Baggage Claim,8500000,11.436405,96.0,5.6,85,1,2013,0,1,0,0,0,0,0,0,0,0
Barbarella,9000000,14.171759,98.0,5.7,146,2,1968,0,0,0,0,0,0,0,1,1,0
The Namesake,12000000,3.604863,122.0,6.8,50,1,2006,1,0,0,0,0,0,0,0,0,0
The DUFF,8500000,40.28709,100.0,6.8,1322,2,2015,0,1,0,0,1,0,0,0,0,0
Glitter,22000000,3.809131,104.0,3.4,38,2,2001,1,0,0,0,1,0,0,0,0,0
Bright Star,8500000,9.230073,119.0,6.8,107,2,2009,1,0,0,0,1,0,0,0,0,0
My Name Is Khan,12000000,14.719886,145.0,7.7,232,2,2010,1,0,0,0,1,0,0,0,0,0
All Is Lost,9000000,28.540614,106.0,6.6,671,3,2013,1,0,0,1,0,1,0,0,0,0
Limbo,8000000,0.034259,126.0,7.0,17,3,1999,1,0,1,0,0,1,0,0,0,0
The Wind That Shakes the Barley,6500000,6.787967,124.0,7.1,154,3,2006,1,0,0,0,0,0,0,0,0,0
Yeh Jawaani Hai Deewani,7700000,3.3531760000000004,159.0,7.2,79,1,2013,0,0,0,0,1,0,0,0,0,0
Quo Vadis,8250000,7.973109,171.0,7.0,63,3,1951,1,0,0,0,1,0,0,0,0,0
Pulp Fiction,8000000,121.463076,154.0,8.3,8428,2,1994,0,0,1,0,0,0,1,0,0,0
Nightcrawler,8500000,89.095538,117.0,7.6,3395,3,2014,1,0,1,0,0,0,1,0,0,0
Club Dread,8500000,2.62082,104.0,5.1,107,2,2004,0,1,0,0,0,0,0,0,0,1
The Sound of Music,8200000,37.960289,174.0,7.4,941,4,1965,1,0,0,0,1,0,0,0,0,0
Splash,8000000,21.735068,111.0,6.1,321,3,1984,0,1,0,0,1,0,0,0,0,0
Little Miss Sunshine,8000000,14.793176999999998,102.0,7.5,1686,2,2006,1,1,0,0,0,0,0,0,0,0
Stand by Me,8000000,51.109279,89.0,7.8,1522,2,1986,1,0,0,0,0,0,1,0,0,0
28 Days Later,5000000,45.490374,113.0,7.1,1777,4,2002,0,0,1,0,0,0,0,1,1,1
Escape from Alcatraz,8000000,26.356697,111.0,7.2,561,2,1979,1,0,0,0,0,0,1,0,0,0
Brown Sugar,8000000,3.501158,109.0,7.0,31,2,2002,0,1,0,0,1,0,0,0,0,0
50/50,8000000,33.372828000000005,100.0,7.0,1261,2,2011,1,1,0,0,0,0,0,0,0,0
That Awkward Moment,8000000,37.821106,94.0,6.1,1004,2,2014,0,1,0,0,1,0,0,0,0,0
On Her Majesty's Secret Service,6500000,25.289665,142.0,6.5,456,3,1969,0,0,1,1,0,1,0,0,0,0
New Nightmare,14000000,14.730796,112.0,6.4,291,4,1994,0,0,1,0,0,0,0,0,0,1
Drive Me Crazy,8000000,4.482714,91.0,5.8,62,4,1999,1,1,0,0,1,0,0,0,0,0
Akeelah and the Bee,8000000,4.932893,112.0,6.7,81,1,2006,1,0,0,0,0,0,0,0,0,0
Half Baked,8000000,7.894489,82.0,6.4,177,2,1998,0,1,0,0,0,0,1,0,0,0
New in Town,8000000,13.987772,97.0,5.2,99,1,2009,0,1,0,0,0,0,0,0,0,0
American Psycho,7000000,45.310443,102.0,7.3,2066,3,2000,1,0,1,0,0,0,1,0,0,0
The Good Girl,8000000,9.799177,93.0,6.1,181,3,2002,1,1,0,0,1,0,0,0,0,0
Bon Cop Bad Cop,8000000,5.069095,116.0,6.5,42,3,2006,0,1,0,1,0,0,1,0,0,0
The Boondock Saints II: All Saints Day,8000000,13.517017,118.0,5.9,261,3,2009,0,0,1,1,0,0,1,0,0,0
Easy A,8000000,45.395839,92.0,6.7,2210,1,2010,0,1,0,0,0,0,0,0,0,0
Shadow of the Vampire,8000000,5.93923,92.0,6.6,148,2,2000,1,0,0,0,0,0,0,0,0,1
Prom,8000000,11.837067,104.0,5.7,134,1,2011,0,1,0,0,0,0,0,0,0,0
Anomalisa,8000000,21.024346,90.0,7.0,459,4,2015,1,1,0,0,1,0,0,0,0,0
Another Year,8000000,7.235794,129.0,7.0,97,2,2010,1,1,0,0,0,0,0,0,0,0
Showdown in Little Tokyo,8000000,8.403858999999999,79.0,5.7,95,2,1991,0,0,1,1,0,0,0,0,0,0
It's Kind of a Funny Story,8000000,13.143045,101.0,6.9,672,2,2010,1,1,0,0,0,0,0,0,0,0
Prefontaine,8000000,8.717235,106.0,6.7,21,2,1997,1,0,0,0,1,0,0,0,0,0
Begin Again,8000000,35.735689,104.0,7.3,1254,4,2013,1,1,0,0,1,0,0,0,0,0
Down in the Valley,8000000,7.433574,112.0,5.9,63,2,2005,1,0,0,0,1,0,0,0,0,0
Brooklyn Rules,8000000,4.090382,99.0,5.8,18,3,2007,1,0,1,1,0,0,0,0,0,0
Fido,8000000,5.244518,91.0,6.6,135,4,2006,1,1,0,0,1,0,0,0,0,1
Wild Target,8000000,10.791954,98.0,6.4,215,2,2010,0,1,0,1,0,0,0,0,0,0
10th & Wolf,8000000,3.942464,107.0,6.3,24,5,2006,1,0,1,1,0,0,1,0,0,0
Aloft,8000000,6.500835,112.0,5.1,41,1,2014,1,0,0,0,0,0,0,0,0,0
Akira,8000000,39.338097,124.0,7.8,773,3,1988,0,0,0,0,0,0,0,1,1,0
The Death and Life of Bobby Z,22000000,12.893219,97.0,5.8,103,4,2007,1,0,1,1,0,0,1,0,0,0
The Rocket: The Legend of Rocket Richard,8000000,0.983484,124.0,6.1,17,1,2005,1,0,0,0,0,0,0,0,0,0
Swimming Pool,7800000,11.000654,102.0,6.4,153,2,2003,0,0,1,0,0,0,1,0,0,0
Driving Miss Daisy,7500000,19.585801,99.0,7.0,350,2,1989,1,1,0,0,0,0,0,0,0,0
Rumble in the Bronx,7500000,17.318839,91.0,6.5,240,4,1995,0,1,1,1,0,0,1,0,0,0
Thank You for Smoking,6500000,29.01153,92.0,7.1,664,2,2005,1,1,0,0,0,0,0,0,0,0
Hostel: Part II,10200000,20.745052,93.0,5.6,453,1,2007,0,0,0,0,0,0,0,0,0,1
An Education,7500000,16.990308,100.0,6.8,409,2,2009,1,0,0,0,1,0,0,0,0,0
Shopgirl,10284523,4.820166,104.0,5.7,75,3,2005,1,1,0,0,1,0,0,0,0,0
Narc,6500000,8.526635,105.0,6.8,142,4,2002,1,0,1,1,0,0,1,0,0,0
Men with Brooms,7500000,1.369528,102.0,4.5,7,1,2002,0,1,0,0,0,0,0,0,0,0
The Work and the Glory,7500000,0.571663,110.0,6.1,7,2,2004,1,0,0,0,1,0,0,0,0,0
Extract,8000000,14.652342,92.0,5.7,192,1,2009,0,1,0,0,0,0,0,0,0,0
Albert Nobbs,8000000,7.802245,113.0,6.2,132,1,2011,1,0,0,0,0,0,0,0,0,0
The Wave,7500000,25.281197,107.0,7.5,841,2,2008,1,0,1,0,0,0,0,0,0,0
The Neon Demon,7000000,38.150787,117.0,6.4,887,2,2016,0,0,1,0,0,0,0,0,0,1
Harry Brown,7300000,16.829837,103.0,6.7,348,4,2009,1,0,1,1,0,0,1,0,0,0
Juno,7500000,19.782725,96.0,7.0,2244,3,2007,1,1,0,0,1,0,0,0,0,0
Diamonds Are Forever,7200000,34.634181,120.0,6.3,553,3,1971,0,0,1,1,0,1,0,0,0,0
The Godfather,6000000,143.659698,175.0,8.4,5893,2,1972,1,0,0,0,0,0,1,0,0,0
Flashdance,4000000,18.422323,95.0,6.1,302,3,1983,1,0,0,0,1,0,0,0,0,0
(500) Days of Summer,7500000,45.610993,95.0,7.2,2904,3,2009,1,1,0,0,1,0,0,0,0,0
The Piano,7000000,17.681707,121.0,7.1,281,2,1993,1,0,0,0,1,0,0,0,0,0
Magic Mike,7000000,35.897151,110.0,6.1,1040,2,2012,1,1,0,0,0,0,0,0,0,0
Live and Let Die,7000000,30.465138,121.0,6.4,533,3,1973,0,0,1,1,0,1,0,0,0,0
Jumping the Broom,6600000,4.4924550000000005,112.0,6.0,56,1,2011,0,1,0,0,0,0,0,0,0,0
"Good Night, and Good Luck.",7000000,17.717681,93.0,6.8,273,2,2005,1,0,0,0,0,0,0,0,0,0
Capote,7000000,17.434862,114.0,6.8,384,2,2005,1,0,0,0,0,0,1,0,0,0
Desperado,7000000,25.511217,104.0,6.8,881,3,1995,0,0,1,1,0,0,1,0,0,0
Logan's Run,9000000,12.268142999999998,119.0,6.6,269,5,1976,0,0,0,1,1,1,0,1,1,0
The Man with the Golden Gun,7000000,30.214716,125.0,6.3,524,3,1974,0,0,1,1,0,1,0,0,0,0
Action Jackson,7000000,6.8727839999999984,96.0,4.9,50,5,1988,1,1,0,1,0,1,1,0,0,0
Devil's Due,7000000,14.741589,89.0,4.4,216,1,2014,0,0,0,0,0,0,0,0,0,1
Flirting with Disaster,7000000,5.500324,92.0,6.3,66,2,1996,0,1,0,0,1,0,0,0,0,0
Dope,700000,29.761163,103.0,7.2,691,3,2015,1,1,0,0,0,0,1,0,0,0
In Too Deep,7000000,2.772178,97.0,6.2,17,4,1999,1,0,1,1,0,0,1,0,0,0
House of 1000 Corpses,7000000,19.301432,89.0,6.0,306,1,2003,0,0,0,0,0,0,0,0,0,1
A Serious Man,7000000,23.612409,105.0,6.6,483,2,2009,1,1,0,0,0,0,0,0,0,0
Beyond the Lights,7000000,8.079046,116.0,7.0,139,2,2014,1,0,0,0,1,0,0,0,0,0
The Last Temptation of Christ,7000000,14.672151,164.0,7.0,201,1,1988,1,0,0,0,0,0,0,0,0,0
Outside Providence,7000000,2.627232,96.0,5.6,30,3,1999,1,1,0,0,1,0,0,0,0,0
Split Second,7,4.857028,90.0,5.7,63,6,1992,0,0,1,1,0,0,1,1,1,1
The Other Side of Heaven,7000000,2.206097,113.0,6.7,14,4,2001,1,0,0,1,0,1,0,0,0,0
Veer-Zaara,7000000,3.721858,192.0,7.4,64,2,2004,1,0,0,0,1,0,0,0,0,0
Auto Focus,7000000,7.051521000000001,104.0,6.1,56,2,2002,1,0,0,0,0,0,1,0,0,0
We Need to Talk About Kevin,7000000,21.276864,112.0,7.4,677,2,2011,1,0,1,0,0,0,0,0,0,0
Losin' It,7000000,2.550045,100.0,4.5,31,1,1983,0,1,0,0,0,0,0,0,0,0
I Hope They Serve Beer in Hell,7000000,7.155519,106.0,5.7,20,2,2009,1,1,0,0,0,0,0,0,0,0
Hesher,7000000,13.635828,106.0,6.7,212,1,2010,1,0,0,0,0,0,0,0,0,0
Freeheld,7000000,8.184588,103.0,7.1,164,2,2015,1,0,0,0,1,0,0,0,0,0
The Extra Man,7000000,2.26778,108.0,5.9,29,1,2010,0,1,0,0,0,0,0,0,0,0
Hard to Be a God,7000000,3.120016,170.0,6.7,41,3,2013,1,0,0,0,0,0,0,1,1,0
Ca$h,7000000,8.207425,108.0,6.0,73,3,2010,0,1,1,0,0,0,1,0,0,0
The Boondock Saints,6000000,34.917447,108.0,7.2,837,3,1999,0,0,1,1,0,0,1,0,0,0
The Snow Queen,7000000,5.33861,76.0,5.1,47,2,2012,0,0,0,0,0,0,0,0,0,0
Stargate: The Ark of Truth,7000000,8.591387,97.0,6.9,140,3,2008,0,0,0,0,0,1,0,1,1,0
Dazed and Confused,6900000,26.181753,102.0,7.4,583,2,1993,1,1,0,0,0,0,0,0,0,0
House at the End of the Street,6900000,25.613197,101.0,5.6,555,2,2012,0,0,1,0,0,0,0,0,0,1
Incendies,6800000,21.285206,130.0,7.9,479,3,2010,1,0,0,0,0,0,0,0,0,0
Annabelle,6500000,60.225219,99.0,5.6,1517,1,2014,0,0,0,0,0,0,0,0,0,1
Bran Nue Dae,7,0.050456,82.0,5.2,6,4,2009,1,1,0,0,1,0,0,0,0,0
Boyz n the Hood,6500000,17.705671,112.0,7.4,364,2,1991,1,0,0,0,0,0,1,0,0,0
La Bamba,6500000,6.847099000000001,108.0,6.8,116,2,1987,1,0,0,0,0,0,0,0,0,0
Dressed to Kill,6500000,11.208769,105.0,6.8,157,3,1980,0,0,1,0,0,0,0,0,0,1
Go,6500000,11.142389,98.0,7.0,196,3,1999,0,1,1,0,0,0,1,0,0,0
Friends with Money,6500000,11.885221,88.0,5.1,128,3,2006,1,1,0,0,1,0,0,0,0,0
The Andromeda Strain,6500000,12.524953,131.0,7.0,190,3,1971,0,0,1,0,0,0,0,1,1,0
Shame,6500000,40.688426,100.0,7.0,875,1,2011,1,0,0,0,0,0,0,0,0,0
Layer Cake,6500000,24.0034,105.0,7.0,559,3,2004,1,0,1,0,0,0,1,0,0,0
The Work and the Glory II: American Zion,6500000,2.639106,100.0,8.0,6,1,2005,1,0,0,0,0,0,0,0,0,0
The East,6500000,16.574756,116.0,6.5,305,2,2013,1,0,1,0,0,0,0,0,0,0
A Home at the End of the World,6500000,5.483531,96.0,6.8,45,2,2004,1,0,0,0,1,0,0,0,0,0
The Messenger,6500000,8.432400999999999,113.0,7.1,119,2,2009,1,0,0,0,0,0,0,0,0,0
The Terminator,6400000,74.23479300000002,108.0,7.3,4128,4,1984,0,0,1,1,0,0,0,1,1,0
"Good bye, Lenin!",4800000,11.086001,121.0,7.4,586,3,2003,1,1,0,0,1,0,0,0,0,0
The Return of the Living Dead,4000000,14.961629,91.0,7.3,267,2,1985,0,1,0,0,0,0,0,0,0,1
Mallrats,6000000,16.139771,94.0,6.8,392,2,1995,0,1,0,0,1,0,0,0,0,0
Grease,6000000,67.608041,110.0,7.2,1581,1,1978,0,0,0,0,1,0,0,0,0,0
Platoon,6000000,49.802914,120.0,7.5,1205,3,1986,1,0,0,1,0,0,0,0,0,0
Fahrenheit 9/11,6000000,16.20985,122.0,6.8,397,1,2004,0,0,0,0,0,0,0,0,0,0
Butch Cassidy and the Sundance Kid,6000000,24.499996,110.0,7.4,650,4,1969,1,0,0,0,0,0,1,0,0,0
Mary Poppins,6000000,59.961523,139.0,7.4,1183,3,1964,0,1,0,0,0,0,0,0,0,0
West Side Story,6000000,23.431117,152.0,7.0,389,3,1961,1,0,0,0,0,0,1,0,0,0
Caddyshack,6000000,15.929648,98.0,6.6,365,1,1980,0,1,0,0,0,0,0,0,0,0
The Wood,6000000,5.537646,106.0,7.1,34,3,1999,1,1,0,0,1,0,0,0,0,0
The Usual Suspects,6000000,64.02503100000001,106.0,8.1,3254,3,1995,1,0,1,0,0,0,1,0,0,0
A Nightmare on Elm Street 5: The Dream Child,8000000,12.654051,89.0,5.5,245,2,1989,0,0,1,0,0,0,0,0,0,1
National Lampoon’s Van Wilder,5000000,35.108498,92.0,5.9,858,2,2002,0,1,0,0,1,0,0,0,0,0
The Wrestler,6000000,40.196514,109.0,7.3,1000,2,2008,1,0,0,0,1,0,0,0,0,0
Duel in the Sun,6000000,7.60445,144.0,6.2,37,1,1946,0,0,0,0,0,0,0,0,0,0
Escape from New York,6000000,24.351305,99.0,6.9,703,3,1981,0,0,0,1,0,0,0,1,1,0
Daddy Day Camp,6000000,12.601677,89.0,4.4,91,2,2007,0,1,0,0,0,0,0,0,0,0
Mr. Nice Guy,12716953,7.077505,113.0,6.3,128,3,1997,0,1,0,1,0,0,1,0,0,0
A Mighty Wind,6000000,4.053017,91.0,6.6,74,2,2003,0,1,0,0,0,0,0,0,0,0
Sliding Doors,6000000,15.639016,99.0,6.5,354,4,1998,1,1,0,0,1,0,0,0,0,0
Tales from the Hood,6000000,3.89204,98.0,5.4,32,3,1995,0,0,1,0,0,0,1,0,0,1
The Last King of Scotland,6000000,26.286954,121.0,7.4,558,1,2006,1,0,0,0,0,0,0,0,0,0
Halloween 5: The Revenge of Michael Myers,5000000,8.008844,96.0,5.2,183,2,1989,0,0,1,0,0,0,0,0,0,1
Bernie,5000000,12.68514,100.0,6.5,320,3,2012,1,1,0,0,0,0,1,0,0,0
Dolphins and Whales: Tribes of the Ocean,6000000,0.041651,42.0,8.0,3,1,2008,0,0,0,0,0,0,0,0,0,0
200 Cigarettes,6000000,3.5611980000000005,101.0,6.1,44,3,1999,1,1,0,0,1,0,0,0,0,0
The Words,6000000,14.988746,96.0,6.4,379,2,2012,1,0,1,0,0,0,0,0,0,0
City Island,6000000,6.497285,104.0,6.9,113,2,2009,1,1,0,0,0,0,0,0,0,0
The Guard,6000000,19.411141,96.0,6.8,372,4,2011,0,1,1,1,0,0,1,0,0,0
College,7000000,7.034617999999999,94.0,4.8,48,1,2008,0,1,0,0,0,0,0,0,0,0
The Virgin Suicides,6000000,26.218912,97.0,7.1,817,2,1999,1,0,0,0,1,0,0,0,0,0
Wish I Was Here,5500000,15.015270999999998,120.0,6.4,300,2,2014,1,1,0,0,0,0,0,0,0,0
Simply Irresistible,6000000,5.696491,95.0,5.5,52,1,1999,0,1,0,0,0,0,0,0,0,0
Only the Strong,6000000,5.411243,99.0,6.9,29,1,1993,0,0,0,1,0,0,0,0,0,0
Shattered Glass,6000000,6.27257,94.0,6.6,111,2,2003,1,0,0,0,0,0,0,0,0,0
Novocaine,6000000,4.148253,95.0,6.0,44,3,2001,0,1,1,0,0,0,1,0,0,0
The Wild Bunch,6244087,14.970654,145.0,7.6,259,2,1969,0,0,0,0,0,1,0,0,0,0
The Wackness,6000000,7.161051,99.0,6.2,94,1,2008,1,0,0,0,0,0,0,0,0,0
Beastmaster 2: Through the Portal of Time,6000000,1.478505,107.0,4.6,17,5,1991,0,0,0,1,0,1,0,1,1,0
The 5th Quarter,6000000,0.215464,97.0,4.7,12,1,2011,1,0,0,0,0,0,0,0,0,0
Snow Flower and the Secret Fan,134005,2.2603150000000003,104.0,5.3,22,2,2011,1,0,0,0,0,0,0,0,0,0
"Surfer, Dude",6000000,2.404626,85.0,4.7,25,1,2008,0,1,0,0,0,0,0,0,0,0
Deadfall,12000000,10.19041,95.0,5.6,224,3,2012,1,0,1,0,0,0,1,0,0,0
Videodrome,5952000,18.119265,87.0,7.1,454,4,1983,0,0,0,0,0,0,0,1,1,1
The Spanish Apartment,5300000,13.034602,122.0,7.0,266,3,2002,1,1,0,0,1,0,0,0,0,0
Song One,6000000,6.3492180000000005,86.0,5.5,87,1,2014,1,0,0,0,0,0,0,0,0,0
Winter in Wartime,4000000,5.013575,103.0,6.8,66,3,2008,1,0,0,0,0,0,0,0,0,0
The Train,5800000,4.49029,133.0,7.2,72,4,1964,1,0,1,1,0,0,0,0,0,0
The Protector,6000000,11.81832,108.0,6.8,167,4,2005,1,0,1,1,0,0,1,0,0,0
Bend It Like Beckham,3500159,22.054546,112.0,6.2,578,3,2002,1,1,0,0,1,0,0,0,0,0
Crossover,5800000,3.201886,95.0,4.2,10,3,2006,1,0,0,1,0,1,0,0,0,0
[REC]²,5600000,22.341462,85.0,6.4,489,2,2009,0,0,1,0,0,0,0,0,0,1
The Sting,5500000,28.500913,129.0,7.9,622,3,1973,1,1,0,0,0,0,1,0,0,0
Chariots of Fire,5500000,10.439971,123.0,6.8,207,2,1981,1,0,0,0,0,0,0,0,0,0
High Plains Drifter,5500000,19.127239000000007,105.0,7.4,278,1,1973,0,0,0,0,0,0,0,0,0,0
Galaxina,5500000,2.141143,95.0,3.3,16,3,1980,0,1,0,0,0,0,0,1,1,0
Mambo Italiano,4361898,2.080741,92.0,5.6,28,2,2003,0,1,0,0,1,0,0,0,0,0
Wonderland,5000000,7.79068,104.0,6.2,73,4,2003,1,0,1,0,0,0,1,0,0,0
Do the Right Thing,6500000,15.580335,120.0,7.6,292,1,1989,1,0,0,0,0,0,0,0,0,0
Rang De Basanti,2200000,5.206967,157.0,7.2,97,1,2006,1,0,0,0,0,0,0,0,0,0
Miss Julie,5500000,5.0330650000000015,120.0,5.9,45,1,2014,1,0,0,0,0,0,0,0,0,0
Saw II,4000000,42.187986,92.0,6.3,1251,1,2005,0,0,0,0,0,0,0,0,0,1
10 Cloverfield Lane,15000000,53.698683,103.0,6.8,2468,4,2016,1,0,1,0,0,0,0,1,1,0
Jackass: The Movie,5000000,14.752587,87.0,6.1,345,2,2002,0,1,0,0,0,0,0,0,0,0
Lights Out,4900000,48.170508,81.0,6.3,1129,2,2016,0,0,1,0,0,0,0,0,0,1
Paranormal Activity 3,5000000,29.15813,83.0,5.9,669,1,2011,0,0,0,0,0,0,0,0,0,1
Ouija,5000000,56.30466,89.0,4.9,983,1,2014,0,0,0,0,0,0,0,0,0,1
A Nightmare on Elm Street 3: Dream Warriors,5000000,17.304054999999998,96.0,6.5,354,2,1987,0,0,1,0,0,0,0,0,0,1
Instructions Not Included,5500000,9.59729,115.0,7.5,205,2,2013,1,1,0,0,0,0,0,0,0,0
Paranormal Activity 4,5000000,20.326337,95.0,5.2,563,1,2012,0,0,0,0,0,0,0,0,0,1
The Robe,4100000,4.028875,135.0,6.4,42,1,1953,1,0,0,0,0,0,0,0,0,0
The Return of the Pink Panther,5000000,6.470766,113.0,6.7,137,1,1975,0,1,0,0,0,0,0,0,0,0
Freddy's Dead: The Final Nightmare,11000000,16.856231,89.0,5.1,272,3,1991,0,1,1,0,0,0,0,0,0,1
Monster,8000000,19.683187,110.0,7.0,485,2,2003,1,0,0,0,0,0,1,0,0,0
"20,000 Leagues Under the Sea",5000000,9.358197,127.0,6.8,157,4,1954,1,0,0,0,0,1,0,1,1,0
Paranormal Activity: The Marked Ones,5000000,19.984477,84.0,5.2,449,2,2014,0,0,1,0,0,0,0,0,0,1
The Elephant Man,5000000,30.271066,124.0,7.9,719,2,1980,1,0,0,0,0,0,0,0,0,0
Dallas Buyers Club,5000000,59.454473,117.0,7.9,2886,2,2013,1,0,0,0,0,0,0,0,0,0
The Lazarus Effect,3300000,20.304235,83.0,5.1,505,2,2015,0,0,1,0,0,0,0,0,0,1
Memento,9000000,60.715151,113.0,8.1,4028,2,2000,0,0,1,0,0,0,0,0,0,0
Oculus,5000000,35.871248,104.0,6.3,1050,1,2013,0,0,0,0,0,0,0,0,0,1
Clerks II,5000000,18.077963,97.0,6.9,398,1,2006,0,1,0,0,0,0,0,0,0,0
Billy Elliot,5000000,20.428237,110.0,7.4,750,3,2000,1,1,0,0,0,0,0,0,0,0
The Way Way Back,4600000,32.14444,103.0,7.1,688,2,2013,1,1,0,0,0,0,0,0,0,0
The Man from Snowy River,3500000,3.656491,104.0,6.8,37,5,1982,1,0,0,1,1,0,0,0,0,0
Our Idiot Brother,10000000,15.688439,90.0,5.9,365,2,2011,1,1,0,0,0,0,0,0,0,0
Race,5000000,22.9951,134.0,7.1,478,2,2016,1,0,0,1,0,0,0,0,0,0
"As Above, So Below",5000000,26.510558000000003,93.0,6.1,766,2,2014,0,0,1,0,0,0,0,0,0,1
Still Alice,5000000,35.307577,99.0,7.5,1104,1,2014,1,0,0,0,0,0,0,0,0,0
The Egyptian,5000000,4.079111,139.0,6.0,11,2,1954,1,0,0,0,0,0,0,0,0,0
Nighthawks,5000000,7.058868,99.0,6.4,86,3,1981,0,0,1,1,0,0,1,0,0,0
Friday the 13th Part VIII: Jason Takes Manhattan,5000000,12.904615,100.0,4.8,191,2,1989,0,0,1,0,0,0,0,0,0,1
My Big Fat Greek Wedding,5000000,18.115566,95.0,6.2,671,3,2002,1,1,0,0,1,0,0,0,0,0
Spring Breakers,5000000,62.554173,94.0,5.0,1551,2,2013,1,0,0,0,0,0,1,0,0,0
Halloween: The Curse of Michael Myers,5000000,9.483717,88.0,5.0,170,2,1995,0,0,1,0,0,0,0,0,0,1
Y Tu Mamá También,5000000,16.890285000000002,106.0,7.3,315,2,2001,1,0,0,0,1,0,0,0,0,0
Shaun of the Dead,4000000,49.12486,99.0,7.5,2420,2,2004,0,1,0,0,0,0,0,0,0,1
Lone Star,5000000,5.960149,135.0,6.9,77,3,1996,1,0,0,0,1,0,0,0,0,0
Halloween 4: The Return of Michael Myers,5000000,9.302349,88.0,5.9,209,2,1988,0,0,1,0,0,0,0,0,0,1
Lone Wolf McQuade,5000000,8.452666,107.0,5.5,67,5,1983,1,0,1,1,1,0,1,0,0,0
Apollo 18,5000000,17.028252,86.0,5.0,356,4,2011,0,0,1,0,0,0,0,1,1,1
Sunshine Cleaning,5000000,19.336367000000006,102.0,6.5,255,2,2008,1,1,0,0,0,0,0,0,0,0
No Escape,5000000,38.006982,103.0,6.7,777,2,2015,0,0,1,1,0,0,0,0,0,0
Solomon and Sheba,5000000,0.835617,139.0,5.4,8,4,1959,1,0,0,0,1,0,0,0,0,0
Fifty Shades of Black,20000000,14.947588,92.0,4.3,331,2,2016,0,1,0,0,1,0,0,0,0,0
A Farewell to Arms,4,1.199451,89.0,6.2,28,3,1932,1,0,0,0,1,0,0,0,0,0
The Barbarian Invasions,8000000,3.03091,99.0,6.7,77,3,2003,1,1,0,0,0,0,1,0,0,0
Force 10 from Navarone,5000000,5.348446,118.0,6.4,91,4,1978,0,0,1,1,0,1,0,0,0,0
Once Upon a Time in the West,5000000,49.333137,175.0,8.1,1128,1,1968,0,0,0,0,0,0,0,0,0,0
Made,5000000,4.149628,94.0,6.3,55,3,2001,0,1,1,1,0,0,0,0,0,0
Moon,5000000,46.114184,97.0,7.6,1794,3,2009,1,0,0,0,0,0,0,1,1,0
Sea Rex 3D: Journey to a Prehistoric World,5000000,4.498368,41.0,5.9,11,1,2010,0,0,0,0,0,0,0,0,0,0
The Sweet Hereafter,5000000,7.673124,112.0,6.8,103,1,1997,1,0,0,0,0,0,0,0,0,0
Of Gods and Men,4000000,4.992475,120.0,6.5,91,2,2010,1,0,0,0,0,0,0,0,0,0
Bottle Shock,5000000,6.174435,110.0,6.6,60,2,2008,1,1,0,0,0,0,0,0,0,0
Heavenly Creatures,5000000,8.753409,99.0,7.0,294,2,1994,1,0,0,0,0,0,0,0,0,0
90 Minutes in Heaven,5000000,3.943706,121.0,5.4,40,1,2015,1,0,0,0,0,0,0,0,0,0
Everything Must Go,5000000,9.169411,97.0,6.0,208,3,2010,1,1,0,0,1,0,0,0,0,0
Zero Effect,5000000,2.732031,116.0,6.0,55,4,1998,0,1,1,0,0,0,1,0,0,0
The Machinist,5000000,35.252056,101.0,7.3,1247,2,2004,1,0,1,0,0,0,0,0,0,0
Kill the Messenger,5000000,21.343093,112.0,6.6,355,4,2014,1,0,1,0,0,0,1,0,0,0
Rabbit Hole,5000000,10.095184,91.0,6.9,165,1,2010,1,0,0,0,0,0,0,0,0,0
Party Monster,5000000,4.129165,98.0,5.9,58,3,2003,1,1,0,0,0,0,1,0,0,0
Green Room,5000000,30.001024,95.0,6.7,683,3,2016,0,0,1,0,0,0,1,0,0,1
Atlas Shrugged Part III: Who is John Galt?,5000000,1.731035,99.0,3.9,15,4,2014,1,0,0,0,0,0,0,1,1,0
Bottle Rocket,7000000,11.700578,91.0,6.8,281,3,1996,1,1,0,0,0,0,1,0,0,0
Tucker and Dale vs Evil,5000000,19.940245,89.0,7.3,847,2,2010,0,1,0,0,0,0,0,0,0,1
The Visit,5000000,38.94708,94.0,6.0,1360,2,2015,0,0,1,0,0,0,0,0,0,1
Redacted,5000000,3.792015,90.0,6.2,37,2,2007,1,0,0,0,0,0,0,0,0,0
Soul Kitchen,5000000,5.461487,99.0,7.1,116,2,2009,1,1,0,0,0,0,0,0,0,0
Sling Blade,1000000,14.805264,135.0,7.4,231,1,1996,1,0,0,0,0,0,0,0,0,0
The Awakening,4798235,25.30216,107.0,6.3,458,2,2011,0,0,1,0,0,0,0,0,0,1
Hostel,4800000,38.83192,94.0,5.7,887,1,2005,0,0,0,0,0,0,0,0,0,1
Take Shelter,5000000,19.807295,120.0,7.1,471,2,2011,1,0,1,0,0,0,0,0,0,0
The Texas Chainsaw Massacre 2,4700000,9.617777,101.0,5.9,139,1,1986,0,0,0,0,0,0,0,0,0,1
Pat Garrett & Billy the Kid,4638783,4.495256,106.0,7.2,65,1,1973,0,0,0,0,0,0,0,0,0,0
Only God Forgives,4800000,35.754865,90.0,5.6,862,3,2013,1,0,1,0,0,0,1,0,0,0
Police Academy,4500000,15.002502,96.0,6.5,602,2,1984,0,1,0,0,0,0,1,0,0,0
The Blue Lagoon,4500000,22.585384,104.0,5.8,408,3,1980,1,0,0,0,1,1,0,0,0,0
Four Weddings and a Funeral,6000000,29.834065,117.0,6.6,632,3,1994,1,1,0,0,1,0,0,0,0,0
Fast Times at Ridgemont High,4500000,20.403344,90.0,7.0,322,1,1982,0,1,0,0,0,0,0,0,0,0
Moby Dick,4500000,5.224593,116.0,6.9,89,2,1956,1,0,0,0,0,1,0,0,0,0
25th Hour,15000000,30.19603900000001,135.0,7.2,629,2,2002,1,0,0,0,0,0,1,0,0,0
Bound,4500000,15.359952,108.0,6.9,198,4,1996,1,0,1,0,1,0,1,0,0,0
Requiem for a Dream,4500000,11.573034,102.0,7.9,2443,2,2000,1,0,0,0,0,0,1,0,0,0
Moms' Night Out,5000000,10.274542,98.0,5.5,121,1,2014,0,1,0,0,0,0,0,0,0,0
Donnie Darko,6000000,61.210016,113.0,7.7,3452,3,2001,1,0,0,0,0,0,0,0,0,0
Life During Wartime,4500000,3.108881,97.0,6.3,30,2,2009,1,1,0,0,0,0,0,0,0,0
After.Life,4500000,14.570359,104.0,5.4,251,4,2010,1,0,1,0,0,0,0,0,0,1
One Flew Over the Cuckoo's Nest,3000000,127.525581,133.0,8.2,2919,1,1975,1,0,0,0,0,0,0,0,0,0
Airlift,4500000,2.551559,126.0,7.3,57,4,2016,1,0,1,1,0,0,0,0,0,0
The Sweeney,3730500,6.938853999999999,112.0,5.7,109,3,2012,1,0,0,1,0,0,1,0,0,0
Whale Rider,8000000,12.439495,101.0,7.1,111,2,2003,1,0,0,0,0,0,0,0,0,0
Night Watch,4200000,12.540624,114.0,6.3,210,3,2004,0,0,1,1,0,0,0,0,0,0
The Crying Game,3705538,8.839651,112.0,6.9,176,4,1992,1,0,1,0,1,0,1,0,0,0
Porky's,4000000,12.891276,94.0,6.1,183,1,1981,0,1,0,0,0,0,0,0,0,0
Night of the Living Dead,114000,25.666029,96.0,7.5,580,1,1968,0,0,0,0,0,0,0,0,0,1
Lost in Translation,4000000,45.66662,102.0,7.3,1895,1,2003,1,0,0,0,0,0,0,0,0,0
Annie Hall,4000000,35.892034,93.0,7.8,1010,3,1977,1,1,0,0,1,0,0,0,0,0
The Greatest Show on Earth,4000000,8.988455,152.0,6.6,50,3,1952,1,0,0,1,1,0,0,0,0,0
Monster's Ball,4000000,14.042041,111.0,6.5,250,2,2001,1,0,0,0,1,0,0,0,0,0
Maggie,4000000,40.016306,95.0,5.2,593,1,2015,0,0,0,0,0,0,0,0,0,1
Leaving Las Vegas,3600000,22.030517,112.0,7.1,360,2,1995,1,0,0,0,1,0,0,0,0,0
The Boy Next Door,4000000,24.161735,91.0,4.1,1022,1,2015,0,0,1,0,0,0,0,0,0,0
Trapeze,4000000,1.3793540000000002,105.0,6.4,22,1,1956,1,0,0,0,0,0,0,0,0,0
The Kids Are All Right,3500000,15.338211,106.0,6.5,506,2,2010,1,1,0,0,0,0,0,0,0,0
They Live,4000000,29.852608,94.0,7.1,550,5,1988,0,0,1,1,0,0,0,1,1,1
The Great Escape,4000000,35.061467,172.0,7.8,717,5,1963,1,0,1,0,0,1,0,0,0,0
The Last Exorcism Part II,5000000,10.605752,88.0,4.4,203,2,2013,0,0,1,0,0,0,0,0,0,1
Boyhood,4000000,43.40352,164.0,7.5,1971,1,2014,1,0,0,0,0,0,0,0,0,0
Scoop,4000000,17.229537,96.0,6.4,420,2,2006,0,1,0,0,0,0,0,0,0,0
The Wash,7000000,2.453459,93.0,5.3,26,2,2001,0,1,0,1,0,0,0,0,0,0
3 Strikes,6000000,1.433692,82.0,5.9,15,3,2000,0,1,0,1,1,0,0,0,0,0
The Misfits,4000000,2.9300580000000003,124.0,6.8,72,3,1961,1,0,0,1,1,0,0,0,0,0
Topaz,4000000,5.975604,143.0,6.1,77,4,1969,1,0,1,1,0,0,0,0,0,0
Let's Go to Prison,4000000,4.598409999999999,84.0,5.5,69,2,2006,0,1,0,0,0,0,1,0,0,0
Four Rooms,4000000,22.87623,98.0,6.5,530,2,1995,0,1,0,0,0,0,1,0,0,0
Secretary,4000000,19.107285,104.0,6.7,376,3,2002,1,1,0,0,1,0,0,0,0,0
Talk Radio,4000000,4.541908,110.0,6.7,46,1,1988,1,0,0,0,0,0,0,0,0,0
You Kill Me,4000000,6.091951,90.0,6.2,80,4,2007,0,1,1,0,1,0,1,0,0,0
Red State,4000000,12.062371,88.0,5.9,316,3,2011,0,0,1,1,0,0,0,0,0,1
Mirrormask,4000000,7.758188,101.0,6.6,102,1,2005,0,0,0,0,0,0,0,0,0,0
Joe,4000000,22.987897,118.0,6.5,338,1,2014,1,0,0,0,0,0,0,0,0,0
Shooting Fish,3000000,1.204941,109.0,7.0,23,3,1997,0,1,0,0,1,0,1,0,0,0
Prison,1300000,7.605291,102.0,6.7,27,4,1988,1,0,1,0,0,0,1,0,0,1
Trust,9500000,21.230737,104.0,6.6,307,3,2010,1,0,1,0,0,0,1,0,0,0
Adore,16000000,18.790221,100.0,6.1,291,1,2013,1,0,0,0,0,0,0,0,0,0
Mondays in the Sun,4000000,3.663108,113.0,7.1,36,1,2002,1,0,0,0,0,0,0,0,0,0
Stake Land,650000,12.496261,98.0,6.2,285,6,2010,1,0,1,1,0,0,0,1,1,1
Another Happy Day,4000000,3.238466,119.0,6.2,37,2,2011,1,1,0,0,0,0,0,0,0,0
A Lonely Place to Die,4000000,8.30723,99.0,6.2,157,4,2011,0,0,1,1,0,1,1,0,0,0
Hell's Angels,3950000,8.484123,127.0,6.1,19,3,1930,1,0,0,1,0,0,0,0,0,0
A Man for All Seasons,3900000,9.541688,120.0,7.5,89,2,1966,1,0,0,0,0,0,0,0,0,0
Network,3800000,17.234745,121.0,7.7,381,1,1976,1,0,0,0,0,0,0,0,0,0
Gone with the Wind,4000000,48.98255,238.0,7.7,970,3,1939,1,0,0,0,1,0,0,0,0,0
Major Dundee,3800000,3.490215,123.0,6.2,38,2,1965,0,0,0,0,0,0,0,0,0,0
Annie Get Your Gun,3768785,1.726175,107.0,7.3,22,5,1950,0,1,0,1,1,0,0,0,0,0
Four Lions,967686,20.544999,101.0,7.0,423,3,2010,1,1,0,0,0,0,1,0,0,0
Defendor,3500000,8.45342,101.0,6.5,195,4,2009,1,1,0,1,0,0,1,0,0,0
The Pirate,3700000,0.90522,102.0,6.6,17,2,1948,0,0,0,0,1,0,0,0,0,0
The History Boys,4000000,3.771652,109.0,6.6,66,2,2006,1,1,0,0,0,0,0,0,0,0
Midnight Cowboy,3600000,21.119209,113.0,7.4,299,1,1969,1,0,0,0,0,0,0,0,0,0
The Full Monty,3500000,17.002623,91.0,6.8,363,1,1997,0,1,0,0,0,0,0,0,0,0
Airplane!,3500000,46.116885,88.0,7.1,1074,1,1980,0,1,0,0,0,0,0,0,0,0
Friday,3500000,25.5748,91.0,7.0,503,1,1995,0,1,0,0,0,0,0,0,0,0
Menace II Society,3500000,3.418871,97.0,7.2,173,3,1993,1,0,0,1,0,0,1,0,0,0
Creepshow 2,3500000,10.729884,92.0,5.9,129,1,1987,0,0,0,0,0,0,0,0,0,1
The Ballad of Cable Hogue,3716946,2.676535,121.0,6.9,47,3,1970,0,1,0,1,0,0,0,0,0,0
In Cold Blood,3500000,7.8214380000000014,134.0,7.4,82,2,1967,1,0,0,0,0,0,1,0,0,0
The Nun's Story,3500000,3.281509,149.0,7.4,46,1,1959,1,0,0,0,0,0,0,0,0,0
Harper,3500000,2.938973,121.0,6.2,35,5,1966,1,0,1,1,0,0,1,0,0,0
Frenzy,3500000,10.219942,116.0,7.1,158,4,1972,1,0,1,0,0,0,1,0,0,0
The Witch,3500000,50.319662,92.0,6.3,1434,2,2016,0,0,0,0,0,0,0,0,0,1
She's the One,3500000,8.406025,96.0,5.7,70,2,1996,0,1,0,0,1,0,0,0,0,0
Gods and Monsters,10000000,5.588652,105.0,6.8,81,1,1998,1,0,0,0,0,0,0,0,0,0
The Secret in Their Eyes,2000000,25.894065,129.0,7.8,626,4,2009,1,0,0,0,1,0,1,0,0,0
Evil Dead II,3600000,35.674774,84.0,7.6,742,3,1987,0,1,0,0,0,0,0,0,0,1
Troll Hunter,3500000,12.982319,103.0,6.7,583,2,2010,0,0,0,0,0,0,0,0,0,1
Winter Passing,3500000,3.643608,98.0,6.7,28,2,2006,1,1,0,0,0,0,0,0,0,0
High Anxiety,3400000,5.690619,94.0,6.5,84,2,1977,0,1,0,0,0,0,0,0,0,0
March of the Penguins,8000000,17.537154,80.0,6.9,358,2,2005,0,0,0,0,0,0,0,0,0,0
Margin Call,3500000,26.259389,107.0,6.7,524,2,2011,1,0,1,0,0,0,0,0,0,0
Choke,3000000,11.637458,92.0,6.0,127,2,2008,1,1,0,0,0,0,0,0,0,0
Whiplash,3300000,192.528841,105.0,8.3,4254,1,2014,1,0,0,0,0,0,0,0,0,0
City of God,3300000,44.356711,130.0,8.1,1814,2,2002,1,0,0,0,0,0,1,0,0,0
Human Traffic,600000,4.859873,99.0,6.8,97,2,1999,1,1,0,0,0,0,0,0,0,0
The Hunt,3800000,21.826888,115.0,7.9,927,1,2012,1,0,0,0,0,0,0,0,0,0
The Opposite Sex,3300000,2.964785,96.0,4.1,9,1,2014,0,1,0,0,0,0,0,0,0,0
Dreaming of Joseph Lees,2000000,0.11615,92.0,8.0,1,2,1999,1,0,0,0,1,0,0,0,0,0
Rosemary's Baby,3200000,26.180367,136.0,7.5,863,3,1968,1,0,0,0,0,0,0,0,0,1
The Man Who Shot Liberty Valance,3200000,11.735287,123.0,7.4,265,1,1962,0,0,0,0,0,0,0,0,0,0
Beginners,3200000,11.933449,105.0,6.8,347,3,2010,1,1,0,0,1,0,0,0,0,0
Animal House,2700000,17.332585,109.0,7.0,418,1,1978,0,1,0,0,0,0,0,0,0,0
Goldfinger,2500000,47.812466,110.0,7.2,987,3,1964,0,0,1,1,0,1,0,0,0,0
It's a Wonderful Life,3180000,42.868495,130.0,8.0,1076,3,1946,1,0,0,0,0,0,0,0,0,0
Trainspotting,4000000,63.513324,93.0,7.8,2655,2,1996,1,0,0,0,0,0,1,0,0,0
Paranormal Activity 2,3000000,22.789649,91.0,5.7,722,2,2010,0,0,1,0,0,0,0,0,0,1
Bowling for Columbine,4000000,11.414843,120.0,7.3,453,1,2002,0,0,0,0,0,0,0,0,0,0
A Nightmare on Elm Street Part 2: Freddy's Revenge,3000000,21.607228,87.0,5.7,361,1,1985,0,0,0,0,0,0,0,0,0,1
A Room with a View,3000000,7.9615589999999985,117.0,6.9,156,2,1985,1,0,0,0,1,0,0,0,0,0
The Purge,3000000,54.40303299999999,86.0,6.0,2428,4,2013,0,0,1,0,0,0,0,1,1,1
Sinister,3000000,41.045084,110.0,6.7,1573,3,2012,0,0,1,0,0,0,0,0,0,1
Martin Lawrence Live: Runteldat,3000000,0.295226,113.0,5.0,1,1,2002,0,1,0,0,0,0,0,0,0,0
Cat on a Hot Tin Roof,3000000,16.553594,108.0,7.6,165,2,1958,1,0,0,0,1,0,0,0,0,0
Beneath the Planet of the Apes,3000000,24.393296,95.0,6.2,361,4,1970,0,0,0,0,0,1,0,1,1,0
Air Bud,3000000,11.241802,98.0,5.3,106,3,1997,1,1,0,0,0,0,0,0,0,0
Pokémon: Spell of the Unknown,16000000,9.18885,93.0,5.9,137,5,2000,0,0,0,1,0,1,0,0,0,0
Friday the 13th Part VI: Jason Lives,3000000,11.158167,86.0,5.7,216,3,1986,0,0,1,0,0,0,0,0,0,1
The Bridge on the River Kwai,3000000,23.109959,161.0,7.7,542,3,1957,1,0,0,0,0,0,0,0,0,0
Spaced Invaders,3000000,1.586598,100.0,4.7,25,4,1990,0,1,0,0,0,0,0,1,1,0
Family Plot,2000000,3.832858,121.0,6.7,86,3,1976,0,1,1,0,0,0,1,0,0,0
The Apartment,3000000,22.889294,125.0,8.1,483,3,1960,1,1,0,0,1,0,0,0,0,0
Jason Goes to Hell: The Final Friday,3000000,10.341982000000002,87.0,4.2,193,3,1993,0,0,1,0,0,0,0,0,0,1
Torn Curtain,3000000,7.924982000000001,128.0,6.4,120,2,1966,0,0,1,0,0,0,0,0,0,0
Dave Chappelle's Block Party,3000000,1.697846,100.0,6.4,28,3,2005,0,1,0,0,0,0,0,0,0,0
Elmer Gantry,3000000,6.734964999999999,146.0,7.3,41,1,1960,1,0,0,0,0,0,0,0,0,0
Judgment at Nuremberg,3000000,13.338539,186.0,7.6,155,2,1961,1,0,0,0,0,0,0,0,0,0
Red River,3000000,5.3448150000000005,133.0,7.3,82,1,1948,0,0,0,0,0,0,0,0,0,0
Before Midnight,3000000,23.299907,108.0,7.4,568,2,2013,1,0,0,0,1,0,0,0,0,0
Phantasm II,3000000,5.003615,97.0,6.3,94,5,1988,0,0,1,1,0,0,0,1,1,1
Woman Thou Art Loosed,3000000,0.019984,94.0,5.0,3,1,2004,1,0,0,0,0,0,0,0,0,0
East Is East,3800000,3.667372,97.0,6.5,59,1,1999,0,1,0,0,0,0,0,0,0,0
Kama Sutra - A Tale of Love,3000000,3.937939,117.0,5.7,35,3,1996,1,0,0,0,1,0,0,0,0,0
Willy Wonka & the Chocolate Factory,3000000,23.981601,100.0,7.4,798,2,1971,0,0,0,0,0,0,0,0,0,0
Jawbreaker,3000000,4.337685,87.0,5.9,90,1,1999,0,1,0,0,0,0,0,0,0,0
Basquiat,2962051,3.636634,108.0,6.6,94,2,1996,1,0,0,0,0,0,0,0,0,0
Tsotsi,3000000,2.504169,94.0,6.9,94,2,2005,1,0,0,0,0,0,1,0,0,0
Happiness,3000000,10.757539,139.0,7.4,194,2,1998,1,1,0,0,0,0,0,0,0,0
Tusk,2800000,15.754614000000002,102.0,5.1,366,2,2014,0,1,0,0,0,0,0,0,0,1
Oldboy,3000000,56.76349,120.0,8.0,1945,4,2003,1,0,1,1,0,0,0,0,0,0
Hobo with a Shotgun,3000000,16.900433,86.0,5.7,211,3,2011,0,1,1,1,0,0,0,0,0,0
Fish Tank,3000000,12.68672,123.0,6.9,250,1,2009,1,0,0,0,0,0,0,0,0,0
Bachelorette,3000000,20.95282000000001,87.0,5.3,444,2,2012,0,1,0,0,1,0,0,0,0,0
The Divide,3000000,11.882563,112.0,5.7,197,2,2011,0,0,0,0,0,0,0,1,1,0
Demonic,3000000,12.564554,83.0,4.9,148,2,2015,0,0,1,0,0,0,0,0,0,1
Point Blank,2500000,5.164423,92.0,7.1,95,4,1967,1,0,1,1,0,0,1,0,0,0
Central Station,2900000,5.928937,113.0,7.6,126,1,1998,1,0,0,0,0,0,0,0,0,0
Pocketful of Miracles,2900000,3.370225,136.0,7.3,25,2,1961,1,1,0,0,0,0,0,0,0,0
Freakonomics,3000000,1.781462,93.0,6.6,36,1,2010,0,0,0,0,0,0,0,0,0,0
Hustle & Flow,8000000,6.39503,116.0,6.9,99,1,2005,1,0,0,0,0,0,0,0,0,0
Some Like It Hot,2883848,39.30982,122.0,8.0,808,2,1959,0,1,0,0,1,0,0,0,0,0
Friday the 13th Part VII: The New Blood,2800000,9.070842,88.0,5.3,192,2,1988,0,0,1,0,0,0,0,0,0,1
The Wizard of Oz,2777000,67.417542,102.0,7.4,1642,3,1939,0,0,0,0,0,1,0,0,0,0
Young Frankenstein,2800000,36.444894,106.0,7.7,854,3,1974,0,1,0,0,0,0,0,1,1,0
Diary of the Dead,2000000,15.351412,95.0,5.4,190,4,2007,0,0,0,1,0,0,0,1,1,1
The Black Stallion,2700000,11.35972,118.0,7.0,59,2,1979,0,0,0,0,0,1,0,0,0,0
Donovan's Reef,2686000,1.897263,109.0,6.0,30,3,1963,0,1,0,0,1,1,0,0,0,0
A Guy Named Joe,2627000,0.5314439999999999,120.0,6.0,8,3,1944,1,0,0,0,1,0,0,0,0,0
Blazing Saddles,2600000,22.793929,93.0,7.2,609,2,1974,0,1,0,0,0,0,0,0,0,0
Friday the 13th: The Final Chapter,2600000,14.013414,91.0,5.9,237,2,1984,0,0,1,0,0,0,0,0,0,1
Ida,2159280,13.265432,80.0,7.1,260,1,2013,1,0,0,0,0,0,0,0,0,0
Riding Giants,2600000,0.8959459999999999,105.0,7.6,23,1,2004,0,0,0,0,0,0,0,0,0,0
Timecrimes,2600000,19.02965,92.0,7.0,308,3,2007,0,0,1,0,0,0,0,1,1,0
Singin' in the Rain,2540800,36.556954,103.0,7.8,727,3,1952,0,1,0,0,1,0,0,0,0,0
A Haunted House,2500000,18.661541,86.0,5.4,516,2,2013,0,1,0,0,0,0,0,0,0,1
2016: Obama's America,2500000,0.973582,87.0,4.6,19,1,2012,0,0,0,0,0,0,0,0,0,0
Halloween III: Season of the Witch,2500000,12.030456,98.0,5.0,229,4,1982,0,0,0,0,0,0,0,1,1,1
Escape from the Planet of the Apes,2500000,18.30961,98.0,6.3,264,3,1971,0,0,0,1,0,0,0,1,1,0
Hud,2500000,6.82919,112.0,7.5,66,3,1963,1,0,0,1,0,0,0,0,0,0
Garden State,2500000,30.583959000000004,102.0,7.1,618,3,2004,1,1,0,0,1,0,0,0,0,0
Before Sunrise,2500000,23.672571,105.0,7.7,959,2,1995,1,0,0,0,1,0,0,0,0,0
Robot & Frank,2500000,23.419061,85.0,6.8,450,5,2012,1,1,0,0,0,0,1,1,1,0
The Spectacular Now,2500000,25.722747,95.0,6.8,1048,3,2013,1,1,0,0,1,0,0,0,0,0
Eye of the Dolphin,2500000,0.301884,100.0,7.1,7,1,2007,1,0,0,0,0,0,0,0,0,0
Sleep Dealer,2500000,4.624691,90.0,6.0,40,4,2008,1,0,1,0,0,0,0,1,1,0
Super,2500000,12.204569,96.0,6.6,441,3,2010,1,1,0,1,0,0,0,0,0,0
Get on the Bus,2400000,4.623059,120.0,7.0,11,1,1996,1,0,0,0,0,0,0,0,0,0
Idiocracy,30000000,27.940093,84.0,6.3,664,4,2006,0,1,0,0,0,1,0,1,1,0
This Is England,2380000,8.395624,101.0,7.4,363,2,2006,1,0,0,0,0,0,1,0,0,0
Bathing Beauty,2361000,0.628051,101.0,7.0,4,2,1944,0,1,0,0,0,0,0,0,0,0
Show Boat,2300000,1.606314,107.0,6.9,18,2,1951,0,0,0,0,1,0,0,0,0,0
Fantasia,2280000,32.875469,124.0,7.2,808,3,1940,0,0,0,0,0,0,0,0,0,0
Friday the 13th Part III,4000000,14.206525,95.0,5.7,254,2,1982,0,0,1,0,0,0,0,0,0,1
Friday the 13th: A New Beginning,2200000,12.639469,92.0,5.1,196,2,1985,0,0,1,0,0,0,0,0,0,1
The Valley of Decision,2160000,0.1813,119.0,5.8,4,1,1945,1,0,0,0,0,0,0,0,0,0
The Best Years of Our Lives,2100000,8.38717,172.0,7.6,143,3,1946,1,0,0,0,1,0,0,0,0,0
Mi America,2100000,0.039007,126.0,0.0,0,2,2015,1,0,0,0,0,0,1,0,0,0
[REC],1500000,31.691617,78.0,7.1,934,2,2007,0,0,0,0,0,0,0,0,0,1
From Russia with Love,2000000,41.298723,115.0,6.9,760,3,1963,0,0,1,1,0,1,0,0,0,0
Sleeper,2000000,10.664202,89.0,7.0,200,4,1973,0,1,0,0,1,0,0,1,1,0
It Follows,2000000,100.876794,100.0,6.6,1832,2,2015,0,0,1,0,0,0,0,0,0,1
Everything You Always Wanted to Know About Sex *But Were Afraid to Ask,2000000,13.223111,88.0,6.6,215,1,1972,0,1,0,0,0,0,0,0,0,0
To Kill a Mockingbird,2000000,22.139842,129.0,8.0,657,2,1962,1,0,0,0,0,0,1,0,0,0
Mad Max 2: The Road Warrior,2000000,37.117362,95.0,7.3,957,5,1981,0,0,1,1,0,1,0,1,1,0
Boys Don't Cry,2000000,15.557144,118.0,7.2,353,2,1999,1,0,0,0,0,0,1,0,0,0
Silent House,2000000,11.66632,85.0,5.2,125,2,2011,0,0,0,0,0,0,0,0,0,1
The Lives of Others,2000000,34.938177,137.0,7.9,958,2,2006,1,0,1,0,0,0,0,0,0,0
Courageous,1000000,5.961119,129.0,6.8,77,1,2011,1,0,0,0,0,0,0,0,0,0
The Hustler,2000000,17.639478,134.0,7.6,240,1,1961,1,0,0,0,0,0,0,0,0,0
Boom Town,2000000,1.867004,119.0,6.5,8,3,1940,1,0,0,0,1,1,0,0,0,0
The Triplets of Belleville,8000000,13.944645,80.0,7.3,231,4,2003,1,1,0,0,0,1,0,0,0,0
Before Sunset,2700000,14.799323,80.0,7.6,718,2,2004,1,0,0,0,1,0,0,0,0,0
Amores perros,2000000,23.281616,154.0,7.6,521,2,2000,1,0,1,0,0,0,0,0,0,0
Thirteen,2000000,20.331593,100.0,6.7,339,2,2003,1,0,0,0,0,0,1,0,0,0
Gentleman's Agreement,2000000,5.381536,118.0,6.8,47,2,1947,1,0,0,0,1,0,0,0,0,0
Winter's Bone,2000000,20.834883,100.0,6.8,565,1,2010,1,0,0,0,0,0,0,0,0,0
Alexander's Ragtime Band,2000000,0.4839739999999999,106.0,4.8,6,3,1938,1,0,0,0,1,0,0,0,0,0
Inside Job,2000000,16.930914,109.0,7.7,286,1,2010,0,0,0,0,0,0,0,0,0,0
We Are Your Friends,6000000,28.819424,96.0,6.3,658,3,2015,1,0,0,0,1,0,0,0,0,0
Harsh Times,2000000,12.999023,120.0,6.3,197,4,2005,1,0,1,1,0,0,1,0,0,0
Captive,2000000,6.7288820000000005,97.0,5.6,92,3,2015,1,0,1,0,0,0,1,0,0,0
Full Frontal,2000000,1.95686,96.0,4.8,26,3,2002,1,1,0,0,1,0,0,0,0,0
Shortbus,2000000,14.846001,101.0,6.3,140,3,2006,1,1,0,0,1,0,0,0,0,0
Waltz with Bashir,2000000,14.08251,90.0,7.8,291,3,2008,1,0,0,0,0,0,0,0,0,0
"The Book of Mormon Movie, Volume 1: The Journey",2000000,0.031947,120.0,5.0,2,0,2003,0,0,0,0,0,0,0,0,0,0
No End in Sight,2000000,2.283796,102.0,7.2,23,1,2007,0,0,0,0,0,0,0,0,0,0
The Diary of a Teenage Girl,2000000,18.224326,98.0,6.8,279,2,2015,1,0,0,0,1,0,0,0,0,0
Inside Deep Throat,2000000,3.980072,92.0,6.8,31,2,2005,0,0,0,0,0,0,0,0,0,0
The Virginity Hit,2000000,3.125382,120.0,4.6,19,1,2010,0,1,0,0,0,0,0,0,0,0
Subway,2000000,5.261065,104.0,6.3,86,2,1985,0,0,1,1,0,0,0,0,0,0
Six-String Samurai,2000000,1.892183,91.0,5.8,36,4,1998,0,0,0,1,0,1,0,1,1,0
It's All Gone Pete Tong,2000000,3.911445,90.0,7.1,52,3,2004,1,1,0,0,0,0,0,0,0,0
Saint John of Las Vegas,3800000,2.559806,84.0,5.9,18,1,2009,0,1,0,0,0,0,0,0,0,0
Stonewall,13500000,5.16023,129.0,5.2,32,1,2015,1,0,0,0,0,0,0,0,0,0
Roadside Romeo,7000000,0.2535949999999999,93.0,6.7,3,3,2008,0,0,0,0,0,0,0,0,0,0
Return of the Living Dead 3,2000000,7.502934,97.0,5.9,88,5,1993,0,1,0,0,1,0,0,1,1,1
Sherrybaby,2000000,4.261508999999998,96.0,6.3,41,1,2006,1,0,0,0,0,0,0,0,0,0
Stitches,100000,7.447713999999999,86.0,5.5,92,1,2012,0,0,0,0,0,0,0,0,0,1
Bananas,2000000,5.941852,82.0,6.7,165,1,1971,0,1,0,0,0,0,0,0,0,0
Buried,1987650,32.841229,94.0,6.6,827,3,2010,1,0,1,0,0,0,0,0,0,0
The Last Exorcism,1800000,14.838985999999998,87.0,5.6,328,3,2010,1,0,1,0,0,0,0,0,0,1
A Streetcar Named Desire,1800000,14.884756,125.0,7.6,281,1,1951,1,0,0,0,0,0,0,0,0,0
Dr. Strangelove or: How I Learned to Stop Worrying and Love the Bomb,1800000,41.996783,95.0,8.0,1442,3,1964,1,1,0,0,0,0,0,0,0,0
Beasts of the Southern Wild,1800000,12.471239,93.0,6.8,403,2,2012,1,0,0,0,0,0,0,0,0,0
Battle for the Planet of the Apes,1700000,13.315383,93.0,5.5,215,3,1973,0,0,0,1,0,0,0,1,1,0
Higher Ground,2000000,1.6991009999999998,109.0,5.3,14,2,2011,1,0,1,0,0,0,0,0,0,0
Hang 'em High,1800000,11.756943,114.0,6.7,192,1,1968,0,0,0,0,0,0,0,0,0,0
Run Lola Run,1530000,27.36562,81.0,7.2,664,3,1998,1,0,1,1,0,0,0,0,0,0
May,500000,8.650779,93.0,6.3,152,4,2002,1,0,1,0,1,0,0,0,0,1
Conquest of the Planet of the Apes,1700000,18.828683,88.0,6.1,236,3,1972,0,0,0,1,0,0,0,1,1,0
I Spit on Your Grave,2000000,26.281839,108.0,6.3,519,3,2010,0,0,1,0,0,0,1,0,0,1
"Happy, Texas",1700000,2.079125,98.0,5.5,39,2,1999,0,1,0,0,0,0,1,0,0,0
The Lunchbox,1000000,14.017809,104.0,7.3,221,2,2013,1,0,0,0,1,0,0,0,0,0
You Can't Take It With You,1644736,3.426314,126.0,7.2,79,2,1938,0,1,0,0,1,0,0,0,0,0
From Here to Eternity,1650000,6.915201,118.0,7.2,133,3,1953,1,0,0,0,1,0,0,0,0,0
She Wore a Yellow Ribbon,1600000,8.535178,103.0,7.1,61,1,1949,0,0,0,0,0,0,0,0,0,0
The Conversation,1600000,20.810292,113.0,7.5,372,3,1974,1,0,0,0,0,0,1,0,0,0
Waitress,2000000,9.67299,108.0,6.7,129,1,2007,0,1,0,0,0,0,0,0,0,0
Bloodsport,1500000,17.49699,92.0,6.6,363,1,1988,0,0,0,1,0,0,0,0,0,0
Mr. Smith Goes to Washington,1500000,12.2624,129.0,7.9,241,2,1939,1,1,0,0,0,0,0,0,0,0
Kids,1500000,13.291991,91.0,6.8,279,2,1995,1,0,0,0,0,0,1,0,0,0
The Squid and the Whale,1500000,13.788054,81.0,6.9,226,2,2005,1,1,0,0,0,0,0,0,0,0
Kissing Jessica Stein,1000000,3.990215,97.0,5.9,48,1,2001,0,1,0,0,0,0,0,0,0,0
Spellbound,1500000,11.145915,111.0,7.3,160,3,1945,1,0,1,0,0,0,0,0,0,0
Buffalo '66,1500000,10.009994,110.0,7.1,166,4,1998,1,1,0,0,1,0,1,0,0,0
Insidious,1500000,58.594852,103.0,6.8,1737,2,2010,0,0,1,0,0,0,0,0,0,1
Repo Man,1500000,11.35344,92.0,6.7,144,5,1984,0,1,1,0,0,0,1,1,1,0
The Ballad of Jack and Rose,1500000,3.618646,111.0,6.5,43,1,2005,1,0,0,0,0,0,0,0,0,0
The To Do List,1500000,15.017068,104.0,5.5,342,2,2013,0,1,0,0,1,0,0,0,0,0
Killing Zoe,1500000,5.817519,96.0,6.1,111,4,1993,1,0,1,1,0,0,1,0,0,0
The Believer,1500000,9.856826,98.0,6.8,151,1,2001,1,0,0,0,0,0,0,0,0,0
Session 9,1500000,11.064228,100.0,6.2,251,2,2001,0,0,0,0,0,0,0,0,0,1
Modern Times,1,28.27648,87.0,8.1,856,2,1936,1,1,0,0,0,0,0,0,0,0
My Name Is Bruce,1500000,7.5591,86.0,5.9,107,2,2007,0,1,0,0,0,0,0,0,0,1
Pontypool,1500000,4.680206,93.0,6.6,183,4,2009,0,0,0,0,0,0,0,1,1,1
The Lords of Salem,1500000,14.504326,101.0,5.1,242,2,2012,0,0,1,0,0,0,0,0,0,1
Snow White and the Seven Dwarfs,1488423,80.171283,83.0,6.9,1914,3,1937,0,0,0,0,0,0,0,0,0,0
Shalako,1455000,3.598457,113.0,5.4,12,1,1968,0,0,0,0,0,0,0,0,0,0
"Lock, Stock and Two Smoking Barrels",1350000,16.032594,105.0,7.5,1648,2,1998,0,1,0,0,0,0,1,0,0,0
Journey from the Fall,1300000,0.0720659999999999,135.0,5.0,1,1,2006,1,0,0,0,0,0,0,0,0,0
Rebecca,1288000,18.426825,130.0,7.7,336,2,1940,1,0,0,0,0,0,0,0,0,0
Friday the 13th Part 2,1250000,16.517777,87.0,6.0,315,2,1981,0,0,1,0,0,0,0,0,0,1
The Lost Weekend,1250000,6.903314,101.0,7.4,112,1,1945,1,0,0,0,0,0,0,0,0,0
C.H.U.D.,1250000,4.45544,88.0,5.3,62,3,1984,0,0,0,0,0,0,0,1,1,1
Niagara,1250000,9.903992,92.0,6.7,79,3,1953,1,0,1,0,0,0,1,0,0,0
How Green Was My Valley,1250000,7.700189999999999,118.0,6.8,72,1,1941,1,0,0,0,0,0,0,0,0,0
Saw,1200000,63.655973,103.0,7.2,2184,3,2004,0,0,0,0,0,0,1,0,0,1
Super Troopers,3000000,16.312803,100.0,6.6,362,3,2001,0,1,0,0,0,0,1,0,0,0
The Trouble with Harry,1200000,6.920872999999999,99.0,6.9,149,3,1955,0,1,1,0,0,0,0,0,0,0
Home Run,1200000,3.085411,114.0,6.3,24,1,2013,1,0,0,0,0,0,0,0,0,0
Reservoir Dogs,1200000,66.925866,99.0,8.0,3697,2,1992,0,0,1,0,0,0,1,0,0,0
"The Good, the Bad and the Ugly",1200000,88.377076,161.0,8.1,2311,1,1966,0,0,0,0,0,0,0,0,0,0
"Pink Ribbons, Inc.",900000,0.097913,97.0,6.8,6,1,2011,0,0,0,0,0,0,0,0,0,0
The Charge of the Light Brigade,1200000,2.968235,115.0,6.8,18,4,1936,1,0,0,1,0,1,0,0,0,0
Airborne,2600000,8.001156,91.0,6.1,20,3,1993,0,1,0,1,0,1,0,0,0,0
Waiting...,3000000,10.230583,94.0,6.2,237,1,2005,0,1,0,0,0,0,0,0,0,0
From a Whisper to a Scream,1100000,1.220072,99.0,6.8,15,2,1987,0,1,0,0,0,0,0,0,0,1
The Raid,1100000,40.285095,101.0,7.3,1055,3,2011,0,0,1,1,0,0,1,0,0,0
Casablanca,878000,43.729123,102.0,7.9,1422,2,1942,1,0,0,0,1,0,0,0,0,0
Rocky,1000000,72.19808,119.0,7.5,1791,1,1976,1,0,0,0,0,0,0,0,0,0
Tom Jones,1000000,2.833166,128.0,6.1,39,4,1963,0,1,0,0,1,1,0,0,0,0
Unfriended,1000000,41.972329,82.0,5.5,1047,2,2015,0,0,1,0,0,0,0,0,0,1
Taxi Driver,1300000,58.845025,114.0,8.0,2535,2,1976,1,0,0,0,0,0,1,0,0,0
The Howling,1000000,6.5328550000000005,91.0,6.4,161,2,1981,1,0,0,0,0,0,0,0,0,1
Dr. No,950000,48.901542,110.0,6.9,940,3,1962,0,0,1,1,0,1,0,0,0,0
Hellraiser,1000000,22.583834,94.0,6.9,449,1,1987,0,0,0,0,0,0,0,0,0,1
God's Not Dead 2,5000000,6.96858,121.0,5.7,72,1,2016,1,0,0,0,0,0,0,0,0,0
Cry_Wolf,1000000,6.926926,90.0,5.6,126,2,2005,0,0,1,0,0,0,0,0,0,1
Godzilla 2000,1000000,3.322721,107.0,5.9,43,5,1999,0,0,0,1,0,1,0,1,1,1
Blue Valentine,3500000,26.881611,112.0,6.9,890,2,2010,1,0,0,0,1,0,0,0,0,0
Transamerica,1000000,9.773398,103.0,6.9,144,1,2005,1,0,0,0,0,0,0,0,0,0
The Devil Inside,1000000,13.152822,83.0,4.6,262,2,2012,0,0,1,0,0,0,0,0,0,1
Beyond the Valley of the Dolls,2090000,4.289003,109.0,6.6,53,3,1970,1,1,1,0,0,0,0,0,0,0
Love Me Tender,1000000,1.444258,89.0,5.5,21,5,1956,1,0,0,1,1,0,0,0,0,0
An Inconvenient Truth,1000000,14.139004000000002,100.0,6.7,251,1,2006,0,0,0,0,0,0,0,0,0,0
Sands of Iwo Jima,1000000,3.851,100.0,6.2,33,4,1949,1,0,0,1,0,0,0,0,0,0
The Green Inferno,5000000,17.845160999999994,100.0,5.0,349,4,2014,0,0,1,1,0,1,0,0,0,1
The Sessions,1000000,9.115486,98.0,6.6,179,3,2012,1,1,0,0,1,0,0,0,0,0
Two Girls and a Guy,1000000,4.86805,84.0,5.4,24,2,1997,1,0,0,0,1,0,0,0,0,0
Who Killed the Electric Car?,1000000,5.323184,92.0,7.2,59,1,2006,0,0,0,0,0,0,0,0,0,0
The Broken Hearts Club: A Romantic Comedy,1000000,3.4241580000000003,94.0,6.3,25,3,2000,1,1,0,0,1,0,0,0,0,0
Brigham City,1000000,0.2800829999999999,119.0,7.3,4,4,2001,1,0,1,0,0,0,1,0,0,0
Fiza,1000000,0.043023,170.0,6.1,7,3,2000,1,0,0,0,1,0,0,0,0,0
Blue Car,1000000,0.6726949999999999,92.0,6.7,13,1,2002,1,0,0,0,0,0,0,0,0,0
The Act of Killing,1000000,8.887411,115.0,7.5,210,1,2012,0,0,0,0,0,0,0,0,0,0
Taxi to the Dark Side,1000000,0.7485649999999999,106.0,6.6,53,1,2007,0,0,0,0,0,0,0,0,0,0
Alone With Her,1000000,2.175696,78.0,6.2,20,4,2006,1,0,1,0,1,0,1,0,0,0
Special,1000000,1.260314,81.0,6.6,32,4,2006,1,0,0,0,0,0,0,1,1,0
Charly,950000,0.178689,103.0,6.6,28,4,1968,1,0,0,0,1,0,0,1,1,0
On the Waterfront,910000,16.015598999999998,108.0,8.0,357,2,1954,1,0,0,0,0,0,1,0,0,0
L!fe Happens,930000,5.974156,100.0,5.3,66,1,2011,0,1,0,0,0,0,0,0,0,0
"4 Months, 3 Weeks and 2 Days",852510,9.270133,113.0,7.3,156,1,2007,1,0,0,0,0,0,0,0,0,0
Hard Candy,950000,25.918007,103.0,6.8,701,2,2005,1,0,1,0,0,0,0,0,0,0
The Quiet,900000,4.0971,96.0,6.1,73,2,2005,1,0,1,0,0,0,0,0,0,0
Bambi,858000,47.651878,70.0,6.8,1405,3,1942,1,0,0,0,0,0,0,0,0,0
Latter Days,850000,5.4249160000000005,107.0,6.7,56,3,2003,1,1,0,0,1,0,0,0,0,0
"For a Good Time, Call...",850000,14.238376,85.0,5.8,110,1,2012,0,1,0,0,0,0,0,0,0,0
Ruby in Paradise,800000,0.59424,114.0,5.6,10,2,1993,1,0,0,0,1,0,0,0,0,0
Raising Victor Vargas,800000,3.643662,88.0,7.8,13,2,2002,1,0,0,0,1,0,0,0,0,0
The Mudge Boy,800000,5.292536,94.0,7.3,23,1,2003,1,0,0,0,0,0,0,0,0,0
Dead Snow,800000,11.205726,91.0,6.1,311,2,2009,0,1,0,0,0,0,0,0,0,1
American Graffiti,777000,19.326115,110.0,6.9,324,2,1973,1,1,0,0,0,0,0,0,0,0
Safety Not Guaranteed,750000,25.186002,85.0,6.8,556,5,2012,1,1,0,0,1,0,0,1,1,0
Kill List,500000,12.203041,95.0,6.0,210,3,2011,0,0,1,0,0,0,1,0,0,1
The Innkeepers,750000,14.386807,102.0,5.4,219,2,2011,0,0,1,0,0,0,0,0,0,1
High Noon,730000,18.644023,85.0,7.6,334,1,1952,0,0,0,0,0,0,0,0,0,0
Hoop Dreams,700000,9.188431,171.0,7.7,87,1,1994,0,0,0,0,0,0,0,0,0,0
L.I.E.,700000,7.731064,97.0,6.7,31,1,2001,1,0,0,0,0,0,0,0,0,0
Half Nelson,700000,12.378031,107.0,6.5,240,1,2006,1,0,0,0,0,0,0,0,0,0
Naturally Native,700000,0.5787979999999999,107.0,0.0,0,1,1999,1,0,0,0,0,0,0,0,0,0
Top Hat,609000,3.898498000000002,101.0,7.4,59,3,1935,0,1,0,0,1,0,0,0,0,0
The Blair Witch Project,60000,41.690578,81.0,6.3,1055,2,1999,0,0,0,0,0,0,0,0,0,1
Woodstock,600000,3.409764,225.0,7.1,66,3,1970,0,0,0,0,0,0,0,0,0,0
A Hard Day's Night,560000,10.730056,88.0,7.3,168,2,1964,0,1,0,0,0,0,0,0,0,0
Fireproof,500000,6.093989,122.0,7.0,100,1,2008,1,0,0,0,0,0,0,0,0,0
Open Water,130000,15.611857,79.0,5.4,315,2,2004,1,0,1,0,0,0,0,0,0,0
Kingdom of the Spiders,500000,2.537032,97.0,5.7,30,3,1977,0,0,0,0,0,0,0,1,1,1
The Station Agent,500000,11.578545,88.0,7.4,210,2,2003,1,1,0,0,0,0,0,0,0,0
Beyond the Mat,2053648,2.778633,102.0,7.8,17,1,1999,0,0,0,0,0,0,0,0,0,0
Sholem Aleichem: Laughing In The Darkness,500000,0.109579,93.0,7.0,2,1,2012,0,0,0,0,0,0,0,0,0,0
Mean Creek,500000,8.519202,90.0,6.9,106,2,2004,1,0,0,0,0,0,1,0,0,0
Seven Samurai,2000000,39.756748,207.0,8.2,878,2,1954,1,0,0,1,0,0,0,0,0,0
Rubber,500000,9.108949,85.0,5.7,251,5,2010,1,1,0,0,0,0,0,0,0,1
Monsters,500000,26.406001,94.0,6.2,587,4,2010,1,0,1,0,0,0,0,1,1,0
Conversations with Other Women,450000,4.442355,84.0,6.2,38,2,2006,1,0,0,0,1,0,0,0,0,0
42nd Street,439000,1.933366,89.0,6.1,37,3,1933,0,1,0,0,1,0,0,0,0,0
Napoleon Dynamite,400000,23.603514,95.0,6.7,554,1,2004,0,1,0,0,0,0,0,0,0,0
Paranormal Activity,15000,47.456823,86.0,5.9,1316,2,2007,0,0,0,0,0,0,0,0,0,1
Monty Python and the Holy Grail,400000,64.782984,91.0,7.8,1708,3,1975,0,1,0,0,0,1,0,0,0,0
Tarnation,218,1.063439,91.0,7.5,22,2,2003,1,0,0,0,0,0,0,0,0,0
What Happens in Vegas,35000000,38.100488,99.0,5.8,923,2,2008,0,1,0,0,1,0,0,0,0,0
My Beautiful Laundrette,860000,3.703005,97.0,6.6,51,3,1985,1,1,0,0,1,0,0,0,0,0
Intolerance,385907,3.232447,197.0,7.4,60,1,1916,1,0,0,0,0,0,0,0,0,0
The Broadway Melody,379000,0.968865,100.0,5.0,19,3,1929,1,0,0,0,1,0,0,0,0,0
The Evil Dead,350000,35.037625,85.0,7.3,894,1,1981,0,0,0,0,0,0,0,0,0,1
Maniac,6000000,19.331884,89.0,6.0,316,1,2012,0,0,0,0,0,0,0,0,0,1
Murderball,300000,1.085909,88.0,6.9,23,1,2005,0,0,0,0,0,0,0,0,0,0
12 Angry Men,350000,59.259204,96.0,8.2,2078,1,1957,1,0,0,0,0,0,0,0,0,0
It Happened One Night,325000,11.871424,105.0,7.7,275,2,1934,0,1,0,0,1,0,0,0,0,0
Tupac: Resurrection,300000,1.314576,112.0,8.0,26,2,2003,0,0,0,0,0,0,0,0,0,0
Tumbleweeds,312000,1.505703,102.0,6.2,11,2,1999,1,1,0,0,0,0,0,0,0,0
The Prophecy,8,11.818333,98.0,6.4,138,3,1995,0,0,1,0,0,0,0,0,0,1
Ayurveda: Art of Being,300000,0.0558679999999999,101.0,5.5,3,1,2001,0,0,0,0,0,0,0,0,0,0
"First Love, Last Rites",300000,0.374291,94.0,3.0,1,1,1998,1,0,0,0,0,0,0,0,0,0
Death Race 2000,300000,6.473667,80.0,5.9,124,4,1975,0,1,0,1,0,0,0,1,1,0
Chasing Amy,250000,20.601483,113.0,6.7,433,3,1997,1,1,0,0,1,0,0,0,0,0
Lovely & Amazing,250000,1.45917,91.0,6.3,23,3,2001,1,1,0,0,1,0,0,0,0,0
Cube,250000,44.656151,90.0,6.9,1069,4,1997,0,0,1,0,0,0,0,1,1,0
I Married a Strange Person!,250,0.293649,72.0,7.5,12,3,1998,1,1,0,0,0,0,0,0,0,0
Like Crazy,250000,21.825564,90.0,6.4,381,2,2011,1,0,0,0,1,0,0,0,0,0
The Canyons,250000,6.978907,99.0,4.1,75,2,2013,1,0,1,0,0,0,0,0,0,0
The Big Parade,245000,0.785744,151.0,7.0,21,3,1925,1,0,0,0,1,0,0,0,0,0
Bronson,230000,18.450613,92.0,6.9,733,3,2008,1,0,0,1,0,0,1,0,0,0
Burn,225000,0.126676,86.0,6.9,6,2,2012,0,0,0,0,0,0,0,0,0,0
The Stewardesses,100000,1.183892,69.0,4.3,5,1,1969,0,1,0,0,0,0,0,0,0,0
"The Beast from 20,000 Fathoms",210000,2.043661,80.0,6.7,41,4,1953,0,0,0,0,0,1,0,1,1,1
Mad Max,400000,33.142185,93.0,6.6,1213,5,1979,0,0,1,1,0,1,0,1,1,0
Swingers,200000,13.971673999999998,94.0,6.8,253,2,1996,0,1,0,0,1,0,0,0,0,0
A Fistful of Dollars,200000,38.771062,99.0,7.6,883,1,1964,0,0,0,0,0,0,0,0,0,0
She Done Him Wrong,200000,0.6227520000000001,66.0,5.1,27,1,1933,0,1,0,0,0,0,0,0,0,0
The Grace Card,200000,0.616283,101.0,6.5,10,1,2011,1,0,0,0,0,0,0,0,0,0
Children of Heaven,180000,7.072118,89.0,7.8,112,3,1997,1,1,0,0,0,0,0,0,0,0
Weekend,8000,1.041254,96.0,7.4,163,2,2011,1,0,0,0,1,0,0,0,0,0
Another Earth,100000,25.402697,92.0,6.8,527,3,2011,1,0,0,0,0,0,0,1,1,0
Sweet Sweetback's Baadasssss Song,150000,0.132878,97.0,4.6,18,3,1971,1,0,0,1,1,0,0,0,0,0
Tadpole,150000,8.570328,78.0,5.5,19,3,2002,1,1,0,0,1,0,0,0,0,0
Once,160000,19.052179,85.0,7.3,453,3,2007,1,0,0,0,1,0,0,0,0,0
Roger & Me,160000,3.284903,91.0,7.4,90,2,1989,0,0,0,0,0,0,0,0,0,0
Your Sister's Sister,125000,12.833247,90.0,6.5,137,2,2011,1,1,0,0,0,0,0,0,0,0
The Birth of a Nation,8500000,9.452808,120.0,6.5,178,1,2016,1,0,0,0,0,0,0,0,0,0
Facing the Giants,100000,4.5636980000000005,111.0,6.6,64,1,2006,1,0,0,0,0,0,0,0,0,0
The Gallows,100000,18.045782,87.0,4.9,361,2,2015,0,0,1,0,0,0,0,0,0,1
Eraserhead,10000,20.399578,89.0,7.5,485,5,1977,1,0,0,0,0,0,0,1,1,1
Pi,60000,27.788067,84.0,7.1,586,3,1998,1,0,1,0,0,0,0,0,0,0
Super Size Me,65000,10.400603,100.0,6.6,506,3,2004,1,1,0,0,0,0,0,0,0,0
Tiny Furniture,65000,2.380332,99.0,5.6,59,3,2010,1,1,0,0,1,0,0,0,0,0
The Signal,4000000,27.662696,95.0,5.8,631,3,2014,0,0,1,0,0,0,0,1,1,0
Down Terrace,31192,1.330379,89.0,6.3,26,3,2009,1,1,0,1,0,0,0,0,0,0
Clerks,27000,19.748658,92.0,7.4,755,1,1994,0,1,0,0,0,0,0,0,0,0
Pink Flamingos,12000,4.553644,93.0,6.2,110,3,1972,0,1,0,0,0,0,1,0,0,1
Cure,20000,0.212443,111.0,7.4,63,4,1997,0,0,1,0,0,0,1,0,0,1
Primer,7000,23.307949,77.0,6.9,658,4,2004,1,0,1,0,0,0,0,1,1,0
El Mariachi,220000,14.269792,81.0,6.6,238,3,1992,0,0,1,1,0,0,1,0,0,0
